[
  {
    "model": "admin.logentry",
    "pk": 1,
    "fields": {
      "action_time": "2025-02-01T10:09:32.143Z",
      "user": 2,
      "content_type": 6,
      "object_id": "1",
      "object_repr": "khadizarahman813@gmail.com (Doctor)",
      "action_flag": 3,
      "change_message": ""
    }
  },
  {
    "model": "admin.logentry",
    "pk": 2,
    "fields": {
      "action_time": "2025-02-01T11:31:35.934Z",
      "user": 2,
      "content_type": 10,
      "object_id": "4",
      "object_repr": "Dermatology",
      "action_flag": 1,
      "change_message": "[{\"added\": {}}]"
    }
  },
  {
    "model": "admin.logentry",
    "pk": 3,
    "fields": {
      "action_time": "2025-02-01T11:31:48.227Z",
      "user": 2,
      "content_type": 10,
      "object_id": "5",
      "object_repr": "Pediatrics",
      "action_flag": 1,
      "change_message": "[{\"added\": {}}]"
    }
  },
  {
    "model": "admin.logentry",
    "pk": 4,
    "fields": {
      "action_time": "2025-02-01T11:31:53.948Z",
      "user": 2,
      "content_type": 10,
      "object_id": "6",
      "object_repr": "Ophthalmology",
      "action_flag": 1,
      "change_message": "[{\"added\": {}}]"
    }
  },
  {
    "model": "admin.logentry",
    "pk": 5,
    "fields": {
      "action_time": "2025-02-01T11:32:06.899Z",
      "user": 2,
      "content_type": 10,
      "object_id": "7",
      "object_repr": "Otorhinolaryngology (ENT)",
      "action_flag": 1,
      "change_message": "[{\"added\": {}}]"
    }
  },
  {
    "model": "admin.logentry",
    "pk": 6,
    "fields": {
      "action_time": "2025-02-01T11:32:14.641Z",
      "user": 2,
      "content_type": 10,
      "object_id": "8",
      "object_repr": "Gynecology & Obstetrics",
      "action_flag": 1,
      "change_message": "[{\"added\": {}}]"
    }
  },
  {
    "model": "admin.logentry",
    "pk": 7,
    "fields": {
      "action_time": "2025-02-01T11:32:19.426Z",
      "user": 2,
      "content_type": 10,
      "object_id": "9",
      "object_repr": "Radiology",
      "action_flag": 1,
      "change_message": "[{\"added\": {}}]"
    }
  },
  {
    "model": "admin.logentry",
    "pk": 8,
    "fields": {
      "action_time": "2025-02-01T11:32:25.928Z",
      "user": 2,
      "content_type": 10,
      "object_id": "10",
      "object_repr": "Oncology",
      "action_flag": 1,
      "change_message": "[{\"added\": {}}]"
    }
  },
  {
    "model": "admin.logentry",
    "pk": 9,
    "fields": {
      "action_time": "2025-02-01T11:32:35.119Z",
      "user": 2,
      "content_type": 10,
      "object_id": "11",
      "object_repr": "Endocrinology",
      "action_flag": 1,
      "change_message": "[{\"added\": {}}]"
    }
  },
  {
    "model": "admin.logentry",
    "pk": 10,
    "fields": {
      "action_time": "2025-02-01T11:32:37.723Z",
      "user": 2,
      "content_type": 10,
      "object_id": "12",
      "object_repr": "Gastroenterology",
      "action_flag": 1,
      "change_message": "[{\"added\": {}}]"
    }
  },
  {
    "model": "admin.logentry",
    "pk": 11,
    "fields": {
      "action_time": "2025-02-01T11:32:43.639Z",
      "user": 2,
      "content_type": 10,
      "object_id": "13",
      "object_repr": "Nephrology",
      "action_flag": 1,
      "change_message": "[{\"added\": {}}]"
    }
  },
  {
    "model": "admin.logentry",
    "pk": 12,
    "fields": {
      "action_time": "2025-02-01T11:32:49.446Z",
      "user": 2,
      "content_type": 10,
      "object_id": "14",
      "object_repr": "Pulmonology",
      "action_flag": 1,
      "change_message": "[{\"added\": {}}]"
    }
  },
  {
    "model": "admin.logentry",
    "pk": 13,
    "fields": {
      "action_time": "2025-02-01T11:32:55.119Z",
      "user": 2,
      "content_type": 10,
      "object_id": "15",
      "object_repr": "Anesthesiology",
      "action_flag": 1,
      "change_message": "[{\"added\": {}}]"
    }
  },
  {
    "model": "admin.logentry",
    "pk": 14,
    "fields": {
      "action_time": "2025-02-01T11:33:00.372Z",
      "user": 2,
      "content_type": 10,
      "object_id": "16",
      "object_repr": "Psychiatry",
      "action_flag": 1,
      "change_message": "[{\"added\": {}}]"
    }
  },
  {
    "model": "admin.logentry",
    "pk": 15,
    "fields": {
      "action_time": "2025-02-01T11:33:05.927Z",
      "user": 2,
      "content_type": 10,
      "object_id": "17",
      "object_repr": "Rheumatology",
      "action_flag": 1,
      "change_message": "[{\"added\": {}}]"
    }
  },
  {
    "model": "admin.logentry",
    "pk": 16,
    "fields": {
      "action_time": "2025-02-01T11:33:10.476Z",
      "user": 2,
      "content_type": 10,
      "object_id": "18",
      "object_repr": "Urology",
      "action_flag": 1,
      "change_message": "[{\"added\": {}}]"
    }
  },
  {
    "model": "admin.logentry",
    "pk": 17,
    "fields": {
      "action_time": "2025-02-01T11:33:15.660Z",
      "user": 2,
      "content_type": 10,
      "object_id": "19",
      "object_repr": "Pathology",
      "action_flag": 1,
      "change_message": "[{\"added\": {}}]"
    }
  },
  {
    "model": "admin.logentry",
    "pk": 18,
    "fields": {
      "action_time": "2025-02-01T11:33:22.774Z",
      "user": 2,
      "content_type": 10,
      "object_id": "20",
      "object_repr": "General Surgery",
      "action_flag": 1,
      "change_message": "[{\"added\": {}}]"
    }
  },
  {
    "model": "admin.logentry",
    "pk": 19,
    "fields": {
      "action_time": "2025-02-01T11:33:27.727Z",
      "user": 2,
      "content_type": 10,
      "object_id": "21",
      "object_repr": "Plastic Surgery",
      "action_flag": 1,
      "change_message": "[{\"added\": {}}]"
    }
  },
  {
    "model": "admin.logentry",
    "pk": 20,
    "fields": {
      "action_time": "2025-02-01T11:33:33.716Z",
      "user": 2,
      "content_type": 10,
      "object_id": "22",
      "object_repr": "Emergency Medicine",
      "action_flag": 1,
      "change_message": "[{\"added\": {}}]"
    }
  },
  {
    "model": "admin.logentry",
    "pk": 21,
    "fields": {
      "action_time": "2025-02-01T11:33:38.475Z",
      "user": 2,
      "content_type": 10,
      "object_id": "23",
      "object_repr": "Infectious Disease",
      "action_flag": 1,
      "change_message": "[{\"added\": {}}]"
    }
  },
  {
    "model": "admin.logentry",
    "pk": 22,
    "fields": {
      "action_time": "2025-02-01T11:33:43.709Z",
      "user": 2,
      "content_type": 10,
      "object_id": "24",
      "object_repr": "Hematology",
      "action_flag": 1,
      "change_message": "[{\"added\": {}}]"
    }
  },
  {
    "model": "admin.logentry",
    "pk": 23,
    "fields": {
      "action_time": "2025-02-01T11:33:50.042Z",
      "user": 2,
      "content_type": 10,
      "object_id": "25",
      "object_repr": "Physical Medicine & Rehabilita",
      "action_flag": 1,
      "change_message": "[{\"added\": {}}]"
    }
  },
  {
    "model": "admin.logentry",
    "pk": 24,
    "fields": {
      "action_time": "2025-02-01T11:34:11.985Z",
      "user": 2,
      "content_type": 9,
      "object_id": "2",
      "object_repr": "Senior Consultant",
      "action_flag": 1,
      "change_message": "[{\"added\": {}}]"
    }
  },
  {
    "model": "admin.logentry",
    "pk": 25,
    "fields": {
      "action_time": "2025-02-01T11:34:21.830Z",
      "user": 2,
      "content_type": 9,
      "object_id": "3",
      "object_repr": "Junior Consultant",
      "action_flag": 1,
      "change_message": "[{\"added\": {}}]"
    }
  },
  {
    "model": "admin.logentry",
    "pk": 26,
    "fields": {
      "action_time": "2025-02-01T11:34:43.048Z",
      "user": 2,
      "content_type": 9,
      "object_id": "4",
      "object_repr": "Medical Officer",
      "action_flag": 1,
      "change_message": "[{\"added\": {}}]"
    }
  },
  {
    "model": "admin.logentry",
    "pk": 27,
    "fields": {
      "action_time": "2025-02-01T11:34:48.086Z",
      "user": 2,
      "content_type": 9,
      "object_id": "5",
      "object_repr": "Chief Surgeon",
      "action_flag": 1,
      "change_message": "[{\"added\": {}}]"
    }
  },
  {
    "model": "admin.logentry",
    "pk": 28,
    "fields": {
      "action_time": "2025-02-01T11:34:56.577Z",
      "user": 2,
      "content_type": 9,
      "object_id": "6",
      "object_repr": "Resident Doctor",
      "action_flag": 1,
      "change_message": "[{\"added\": {}}]"
    }
  },
  {
    "model": "admin.logentry",
    "pk": 29,
    "fields": {
      "action_time": "2025-02-01T11:34:58.941Z",
      "user": 2,
      "content_type": 9,
      "object_id": "7",
      "object_repr": "Intern Doctor",
      "action_flag": 1,
      "change_message": "[{\"added\": {}}]"
    }
  },
  {
    "model": "admin.logentry",
    "pk": 30,
    "fields": {
      "action_time": "2025-02-01T11:35:04.026Z",
      "user": 2,
      "content_type": 9,
      "object_id": "8",
      "object_repr": "Head of Department (HOD)",
      "action_flag": 1,
      "change_message": "[{\"added\": {}}]"
    }
  },
  {
    "model": "admin.logentry",
    "pk": 31,
    "fields": {
      "action_time": "2025-02-01T11:35:09.134Z",
      "user": 2,
      "content_type": 9,
      "object_id": "9",
      "object_repr": "Clinical Researcher",
      "action_flag": 1,
      "change_message": "[{\"added\": {}}]"
    }
  },
  {
    "model": "admin.logentry",
    "pk": 32,
    "fields": {
      "action_time": "2025-02-01T11:35:13.866Z",
      "user": 2,
      "content_type": 9,
      "object_id": "10",
      "object_repr": "Physician Assistant",
      "action_flag": 1,
      "change_message": "[{\"added\": {}}]"
    }
  },
  {
    "model": "admin.logentry",
    "pk": 33,
    "fields": {
      "action_time": "2025-02-01T11:35:32.258Z",
      "user": 2,
      "content_type": 9,
      "object_id": "11",
      "object_repr": "General Practitioner (GP)",
      "action_flag": 1,
      "change_message": "[{\"added\": {}}]"
    }
  },
  {
    "model": "admin.logentry",
    "pk": 34,
    "fields": {
      "action_time": "2025-02-01T11:35:37.117Z",
      "user": 2,
      "content_type": 9,
      "object_id": "12",
      "object_repr": "Anesthesiologist",
      "action_flag": 1,
      "change_message": "[{\"added\": {}}]"
    }
  },
  {
    "model": "admin.logentry",
    "pk": 35,
    "fields": {
      "action_time": "2025-02-01T11:35:41.552Z",
      "user": 2,
      "content_type": 9,
      "object_id": "13",
      "object_repr": "Emergency Medicine Specialist",
      "action_flag": 1,
      "change_message": "[{\"added\": {}}]"
    }
  },
  {
    "model": "admin.logentry",
    "pk": 36,
    "fields": {
      "action_time": "2025-02-01T11:35:47.140Z",
      "user": 2,
      "content_type": 9,
      "object_id": "14",
      "object_repr": "Pediatric Surgeon",
      "action_flag": 1,
      "change_message": "[{\"added\": {}}]"
    }
  },
  {
    "model": "admin.logentry",
    "pk": 37,
    "fields": {
      "action_time": "2025-02-01T11:35:53.188Z",
      "user": 2,
      "content_type": 9,
      "object_id": "15",
      "object_repr": "Plastic and Reconstructive Sur",
      "action_flag": 1,
      "change_message": "[{\"added\": {}}]"
    }
  },
  {
    "model": "admin.logentry",
    "pk": 38,
    "fields": {
      "action_time": "2025-02-01T11:35:59.418Z",
      "user": 2,
      "content_type": 9,
      "object_id": "16",
      "object_repr": "Neurosurgeon",
      "action_flag": 1,
      "change_message": "[{\"added\": {}}]"
    }
  },
  {
    "model": "admin.logentry",
    "pk": 39,
    "fields": {
      "action_time": "2025-02-01T11:36:03.805Z",
      "user": 2,
      "content_type": 9,
      "object_id": "17",
      "object_repr": "Dermatopathologist",
      "action_flag": 1,
      "change_message": "[{\"added\": {}}]"
    }
  },
  {
    "model": "admin.logentry",
    "pk": 40,
    "fields": {
      "action_time": "2025-02-01T11:36:08.178Z",
      "user": 2,
      "content_type": 9,
      "object_id": "18",
      "object_repr": "Forensic Pathologist",
      "action_flag": 1,
      "change_message": "[{\"added\": {}}]"
    }
  },
  {
    "model": "admin.logentry",
    "pk": 41,
    "fields": {
      "action_time": "2025-02-01T11:36:13.473Z",
      "user": 2,
      "content_type": 9,
      "object_id": "19",
      "object_repr": "Gynecologic Oncologist",
      "action_flag": 1,
      "change_message": "[{\"added\": {}}]"
    }
  },
  {
    "model": "admin.logentry",
    "pk": 42,
    "fields": {
      "action_time": "2025-02-01T11:36:17.969Z",
      "user": 2,
      "content_type": 9,
      "object_id": "20",
      "object_repr": "Intensivist (ICU Specialist)",
      "action_flag": 1,
      "change_message": "[{\"added\": {}}]"
    }
  },
  {
    "model": "admin.logentry",
    "pk": 43,
    "fields": {
      "action_time": "2025-02-01T11:36:22.222Z",
      "user": 2,
      "content_type": 9,
      "object_id": "21",
      "object_repr": "Medical Director",
      "action_flag": 1,
      "change_message": "[{\"added\": {}}]"
    }
  },
  {
    "model": "admin.logentry",
    "pk": 44,
    "fields": {
      "action_time": "2025-02-01T11:36:27.124Z",
      "user": 2,
      "content_type": 9,
      "object_id": "22",
      "object_repr": "Senior Registrar",
      "action_flag": 1,
      "change_message": "[{\"added\": {}}]"
    }
  },
  {
    "model": "admin.logentry",
    "pk": 45,
    "fields": {
      "action_time": "2025-02-01T11:36:32.040Z",
      "user": 2,
      "content_type": 9,
      "object_id": "23",
      "object_repr": "Medical Superintendent",
      "action_flag": 1,
      "change_message": "[{\"added\": {}}]"
    }
  },
  {
    "model": "admin.logentry",
    "pk": 46,
    "fields": {
      "action_time": "2025-02-01T11:36:36.035Z",
      "user": 2,
      "content_type": 9,
      "object_id": "24",
      "object_repr": "Clinical Pharmacist",
      "action_flag": 1,
      "change_message": "[{\"added\": {}}]"
    }
  },
  {
    "model": "admin.logentry",
    "pk": 47,
    "fields": {
      "action_time": "2025-02-01T11:36:40.029Z",
      "user": 2,
      "content_type": 9,
      "object_id": "25",
      "object_repr": "Telemedicine Specialist",
      "action_flag": 1,
      "change_message": "[{\"added\": {}}]"
    }
  },
  {
    "model": "admin.logentry",
    "pk": 48,
    "fields": {
      "action_time": "2025-02-01T11:36:44.620Z",
      "user": 2,
      "content_type": 9,
      "object_id": "26",
      "object_repr": "Trauma Surgeon",
      "action_flag": 1,
      "change_message": "[{\"added\": {}}]"
    }
  },
  {
    "model": "admin.logentry",
    "pk": 49,
    "fields": {
      "action_time": "2025-02-01T17:00:53.219Z",
      "user": 2,
      "content_type": 6,
      "object_id": "4",
      "object_repr": "patientfatema@yopmail.com (Doctor)",
      "action_flag": 2,
      "change_message": "[{\"changed\": {\"fields\": [\"password\"]}}]"
    }
  },
  {
    "model": "admin.logentry",
    "pk": 50,
    "fields": {
      "action_time": "2025-02-01T17:03:04.386Z",
      "user": 2,
      "content_type": 6,
      "object_id": "4",
      "object_repr": "patientfatema@yopmail.com (Doctor)",
      "action_flag": 2,
      "change_message": "[{\"changed\": {\"fields\": [\"password\"]}}]"
    }
  },
  {
    "model": "admin.logentry",
    "pk": 51,
    "fields": {
      "action_time": "2025-02-02T06:06:53.077Z",
      "user": 2,
      "content_type": 11,
      "object_id": "2",
      "object_repr": "Dr. Farzana Karim (Pediatrics, Otorhinolaryngology (ENT))",
      "action_flag": 3,
      "change_message": ""
    }
  },
  {
    "model": "admin.logentry",
    "pk": 52,
    "fields": {
      "action_time": "2025-02-02T14:01:14.398Z",
      "user": 2,
      "content_type": 6,
      "object_id": "5",
      "object_repr": "patientrajesh@yopmail.com (Patient)",
      "action_flag": 2,
      "change_message": "[]"
    }
  },
  {
    "model": "admin.logentry",
    "pk": 53,
    "fields": {
      "action_time": "2025-02-02T16:12:54.553Z",
      "user": 2,
      "content_type": 14,
      "object_id": "3",
      "object_repr": "Appointment: Rajesh Mondol with Dr. Farzana Karim on Sunday at 23:00:00 (Offline)",
      "action_flag": 3,
      "change_message": ""
    }
  },
  {
    "model": "admin.logentry",
    "pk": 54,
    "fields": {
      "action_time": "2025-02-02T16:13:56.045Z",
      "user": 2,
      "content_type": 12,
      "object_id": "3",
      "object_repr": "Sunday: 23:00:00 - 23:30:00 (Available)",
      "action_flag": 2,
      "change_message": "[{\"changed\": {\"fields\": [\"Is booked\"]}}]"
    }
  },
  {
    "model": "admin.logentry",
    "pk": 55,
    "fields": {
      "action_time": "2025-02-03T04:54:52.416Z",
      "user": 2,
      "content_type": 12,
      "object_id": "6",
      "object_repr": "Monday: 12:00:00 - 13:00:00 (Available)",
      "action_flag": 1,
      "change_message": "[{\"added\": {}}]"
    }
  },
  {
    "model": "admin.logentry",
    "pk": 56,
    "fields": {
      "action_time": "2025-02-03T04:55:19.729Z",
      "user": 2,
      "content_type": 12,
      "object_id": "7",
      "object_repr": "Monday: 14:00:00 - 15:00:00 (Available)",
      "action_flag": 1,
      "change_message": "[{\"added\": {}}]"
    }
  },
  {
    "model": "admin.logentry",
    "pk": 57,
    "fields": {
      "action_time": "2025-02-03T04:59:28.326Z",
      "user": 2,
      "content_type": 14,
      "object_id": "7",
      "object_repr": "Appointment: Rajesh Mondol with Dr. Fatema on Monday at 12:00:00 (Online)",
      "action_flag": 1,
      "change_message": "[{\"added\": {}}]"
    }
  },
  {
    "model": "admin.logentry",
    "pk": 58,
    "fields": {
      "action_time": "2025-02-03T07:43:34.263Z",
      "user": 2,
      "content_type": 11,
      "object_id": "3",
      "object_repr": "Dr. Farzana Karim (Pediatrics, Otorhinolaryngology (ENT))",
      "action_flag": 2,
      "change_message": "[{\"changed\": {\"fields\": [\"Contact number\", \"Country\"]}}]"
    }
  },
  {
    "model": "admin.logentry",
    "pk": 59,
    "fields": {
      "action_time": "2025-02-03T08:49:19.306Z",
      "user": 2,
      "content_type": 7,
      "object_id": "1",
      "object_repr": "Patient Profile - patientrajesh@yopmail.com",
      "action_flag": 2,
      "change_message": "[{\"changed\": {\"fields\": [\"Phone number\"]}}]"
    }
  },
  {
    "model": "admin.logentry",
    "pk": 60,
    "fields": {
      "action_time": "2025-02-03T08:51:10.934Z",
      "user": 2,
      "content_type": 7,
      "object_id": "1",
      "object_repr": "Patient Profile - patientrajesh@yopmail.com",
      "action_flag": 2,
      "change_message": "[{\"changed\": {\"fields\": [\"Phone number\"]}}]"
    }
  },
  {
    "model": "admin.logentry",
    "pk": 61,
    "fields": {
      "action_time": "2025-02-03T09:00:05.004Z",
      "user": 2,
      "content_type": 14,
      "object_id": "7",
      "object_repr": "Appointment: Rajesh Mondol with Dr. Fatema on Monday at 12:00:00 (Online)",
      "action_flag": 3,
      "change_message": ""
    }
  },
  {
    "model": "admin.logentry",
    "pk": 62,
    "fields": {
      "action_time": "2025-02-03T09:00:18.783Z",
      "user": 2,
      "content_type": 14,
      "object_id": "2",
      "object_repr": "Appointment: Rajesh Mondol with Dr. Farzana Karim on Sunday at 21:00:00 (Offline)",
      "action_flag": 3,
      "change_message": ""
    }
  },
  {
    "model": "admin.logentry",
    "pk": 63,
    "fields": {
      "action_time": "2025-02-03T09:00:18.783Z",
      "user": 2,
      "content_type": 14,
      "object_id": "1",
      "object_repr": "Appointment: Rajesh Mondol with Dr. Farzana Karim on Sunday at 21:00:00 (Offline)",
      "action_flag": 3,
      "change_message": ""
    }
  },
  {
    "model": "admin.logentry",
    "pk": 64,
    "fields": {
      "action_time": "2025-02-03T09:13:05.251Z",
      "user": 2,
      "content_type": 12,
      "object_id": "12",
      "object_repr": "Monday: 10:00:00 - 11:00:00 (Booked)",
      "action_flag": 3,
      "change_message": ""
    }
  },
  {
    "model": "admin.logentry",
    "pk": 65,
    "fields": {
      "action_time": "2025-02-03T09:13:20.467Z",
      "user": 2,
      "content_type": 14,
      "object_id": "11",
      "object_repr": "Appointment: Rajesh Mondol with Dr. Farzana Karim on Monday at 09:00:00 (Offline)",
      "action_flag": 3,
      "change_message": ""
    }
  },
  {
    "model": "admin.logentry",
    "pk": 66,
    "fields": {
      "action_time": "2025-02-03T09:13:20.467Z",
      "user": 2,
      "content_type": 14,
      "object_id": "10",
      "object_repr": "Appointment: Rajesh Mondol with Dr. Farzana Karim on Monday at 08:00:00 (Offline)",
      "action_flag": 3,
      "change_message": ""
    }
  },
  {
    "model": "admin.logentry",
    "pk": 67,
    "fields": {
      "action_time": "2025-02-03T09:13:20.467Z",
      "user": 2,
      "content_type": 14,
      "object_id": "9",
      "object_repr": "Appointment: Rajesh Mondol with Dr. Farzana Karim on Monday at 07:00:00 (Online)",
      "action_flag": 3,
      "change_message": ""
    }
  },
  {
    "model": "admin.logentry",
    "pk": 68,
    "fields": {
      "action_time": "2025-02-03T09:13:20.467Z",
      "user": 2,
      "content_type": 14,
      "object_id": "8",
      "object_repr": "Appointment: Rajesh Mondol with Dr. Farzana Karim on Monday at 21:00:00 (Online)",
      "action_flag": 3,
      "change_message": ""
    }
  },
  {
    "model": "admin.logentry",
    "pk": 69,
    "fields": {
      "action_time": "2025-02-03T09:13:20.467Z",
      "user": 2,
      "content_type": 14,
      "object_id": "6",
      "object_repr": "Appointment: Rajesh Mondol with Dr. Farzana Karim on Monday at 00:30:00 (Online)",
      "action_flag": 3,
      "change_message": ""
    }
  },
  {
    "model": "admin.logentry",
    "pk": 70,
    "fields": {
      "action_time": "2025-02-03T09:13:20.467Z",
      "user": 2,
      "content_type": 14,
      "object_id": "5",
      "object_repr": "Appointment: Rajesh Mondol with Dr. Farzana Karim on Monday at 00:00:00 (Offline)",
      "action_flag": 3,
      "change_message": ""
    }
  },
  {
    "model": "admin.logentry",
    "pk": 71,
    "fields": {
      "action_time": "2025-02-03T09:13:20.467Z",
      "user": 2,
      "content_type": 14,
      "object_id": "4",
      "object_repr": "Appointment: Rajesh Mondol with Dr. Farzana Karim on Sunday at 23:00:00 (Offline)",
      "action_flag": 3,
      "change_message": ""
    }
  },
  {
    "model": "admin.logentry",
    "pk": 72,
    "fields": {
      "action_time": "2025-02-03T10:08:15.388Z",
      "user": 2,
      "content_type": 12,
      "object_id": "6",
      "object_repr": "Monday: 12:00:00 - 13:00:00 (Available)",
      "action_flag": 3,
      "change_message": ""
    }
  },
  {
    "model": "admin.logentry",
    "pk": 73,
    "fields": {
      "action_time": "2025-02-03T10:08:15.388Z",
      "user": 2,
      "content_type": 12,
      "object_id": "7",
      "object_repr": "Monday: 14:00:00 - 15:00:00 (Available)",
      "action_flag": 3,
      "change_message": ""
    }
  },
  {
    "model": "admin.logentry",
    "pk": 74,
    "fields": {
      "action_time": "2025-02-03T10:08:15.389Z",
      "user": 2,
      "content_type": 12,
      "object_id": "4",
      "object_repr": "Monday: 00:00:00 - 00:30:00 (Booked)",
      "action_flag": 3,
      "change_message": ""
    }
  },
  {
    "model": "admin.logentry",
    "pk": 75,
    "fields": {
      "action_time": "2025-02-03T10:08:15.389Z",
      "user": 2,
      "content_type": 12,
      "object_id": "5",
      "object_repr": "Monday: 00:30:00 - 01:00:00 (Booked)",
      "action_flag": 3,
      "change_message": ""
    }
  },
  {
    "model": "admin.logentry",
    "pk": 76,
    "fields": {
      "action_time": "2025-02-03T10:08:15.389Z",
      "user": 2,
      "content_type": 12,
      "object_id": "9",
      "object_repr": "Monday: 07:00:00 - 08:00:00 (Booked)",
      "action_flag": 3,
      "change_message": ""
    }
  },
  {
    "model": "admin.logentry",
    "pk": 77,
    "fields": {
      "action_time": "2025-02-03T10:08:15.389Z",
      "user": 2,
      "content_type": 12,
      "object_id": "10",
      "object_repr": "Monday: 08:00:00 - 09:00:00 (Booked)",
      "action_flag": 3,
      "change_message": ""
    }
  },
  {
    "model": "admin.logentry",
    "pk": 78,
    "fields": {
      "action_time": "2025-02-03T10:08:15.389Z",
      "user": 2,
      "content_type": 12,
      "object_id": "11",
      "object_repr": "Monday: 09:00:00 - 10:00:00 (Booked)",
      "action_flag": 3,
      "change_message": ""
    }
  },
  {
    "model": "admin.logentry",
    "pk": 79,
    "fields": {
      "action_time": "2025-02-03T10:08:15.389Z",
      "user": 2,
      "content_type": 12,
      "object_id": "13",
      "object_repr": "Monday: 10:00:00 - 11:00:00 (Booked)",
      "action_flag": 3,
      "change_message": ""
    }
  },
  {
    "model": "admin.logentry",
    "pk": 80,
    "fields": {
      "action_time": "2025-02-03T10:08:15.389Z",
      "user": 2,
      "content_type": 12,
      "object_id": "8",
      "object_repr": "Monday: 21:00:00 - 21:30:00 (Booked)",
      "action_flag": 3,
      "change_message": ""
    }
  },
  {
    "model": "admin.logentry",
    "pk": 81,
    "fields": {
      "action_time": "2025-02-03T10:08:15.389Z",
      "user": 2,
      "content_type": 12,
      "object_id": "2",
      "object_repr": "Sunday: 21:00:00 - 21:30:00 (Available)",
      "action_flag": 3,
      "change_message": ""
    }
  },
  {
    "model": "admin.logentry",
    "pk": 82,
    "fields": {
      "action_time": "2025-02-03T10:08:15.389Z",
      "user": 2,
      "content_type": 12,
      "object_id": "3",
      "object_repr": "Sunday: 23:00:00 - 23:30:00 (Booked)",
      "action_flag": 3,
      "change_message": ""
    }
  },
  {
    "model": "admin.logentry",
    "pk": 83,
    "fields": {
      "action_time": "2025-02-03T12:40:26.143Z",
      "user": 2,
      "content_type": 12,
      "object_id": "14",
      "object_repr": "Monday: 13:30:05 - 14:00:00 (Available)",
      "action_flag": 1,
      "change_message": "[{\"added\": {}}]"
    }
  },
  {
    "model": "admin.logentry",
    "pk": 84,
    "fields": {
      "action_time": "2025-02-03T12:41:20.357Z",
      "user": 2,
      "content_type": 12,
      "object_id": "14",
      "object_repr": "Monday: 13:30:05 - 14:00:00 (Available)",
      "action_flag": 3,
      "change_message": ""
    }
  },
  {
    "model": "admin.logentry",
    "pk": 85,
    "fields": {
      "action_time": "2025-02-03T13:16:11.460Z",
      "user": 2,
      "content_type": 14,
      "object_id": "14",
      "object_repr": "Appointment: Rajesh Mondol with Dr. Farzana Karim on Monday at 13:30:00 (Offline)",
      "action_flag": 3,
      "change_message": ""
    }
  },
  {
    "model": "admin.logentry",
    "pk": 86,
    "fields": {
      "action_time": "2025-02-03T13:16:17.462Z",
      "user": 2,
      "content_type": 12,
      "object_id": "15",
      "object_repr": "Monday: 13:30:00 - 14:00:00 (Booked)",
      "action_flag": 3,
      "change_message": ""
    }
  },
  {
    "model": "admin.logentry",
    "pk": 87,
    "fields": {
      "action_time": "2025-02-04T08:41:53.783Z",
      "user": 2,
      "content_type": 12,
      "object_id": "5",
      "object_repr": "2025-02-03: 14:00:00 - 15:00:00 (Available)",
      "action_flag": 3,
      "change_message": ""
    }
  },
  {
    "model": "admin.logentry",
    "pk": 88,
    "fields": {
      "action_time": "2025-02-04T08:41:53.783Z",
      "user": 2,
      "content_type": 12,
      "object_id": "4",
      "object_repr": "2025-02-03: 14:00:00 - 15:00:00 (Available)",
      "action_flag": 3,
      "change_message": ""
    }
  },
  {
    "model": "admin.logentry",
    "pk": 89,
    "fields": {
      "action_time": "2025-02-04T08:41:53.783Z",
      "user": 2,
      "content_type": 12,
      "object_id": "3",
      "object_repr": "2025-02-03: 14:00:00 - 15:00:00 (Available)",
      "action_flag": 3,
      "change_message": ""
    }
  },
  {
    "model": "admin.logentry",
    "pk": 90,
    "fields": {
      "action_time": "2025-02-04T08:41:53.783Z",
      "user": 2,
      "content_type": 12,
      "object_id": "2",
      "object_repr": "2025-02-03: 14:00:00 - 15:00:00 (Booked)",
      "action_flag": 3,
      "change_message": ""
    }
  },
  {
    "model": "admin.logentry",
    "pk": 91,
    "fields": {
      "action_time": "2025-02-04T08:41:53.783Z",
      "user": 2,
      "content_type": 12,
      "object_id": "1",
      "object_repr": "2025-02-05: 14:00:00 - 15:00:00 (Booked)",
      "action_flag": 3,
      "change_message": ""
    }
  },
  {
    "model": "admin.logentry",
    "pk": 92,
    "fields": {
      "action_time": "2025-02-04T10:29:25.743Z",
      "user": 2,
      "content_type": 8,
      "object_id": "1",
      "object_repr": "Record for Rajesh Mondol by Dr. Dr. Farzana Karim on 2025-02-04",
      "action_flag": 3,
      "change_message": ""
    }
  },
  {
    "model": "admin.logentry",
    "pk": 93,
    "fields": {
      "action_time": "2025-02-04T10:50:15.327Z",
      "user": 2,
      "content_type": 8,
      "object_id": "2",
      "object_repr": "Record for Rajesh Mondol by Dr. Dr. Farzana Karim on 2025-02-04",
      "action_flag": 3,
      "change_message": ""
    }
  },
  {
    "model": "admin.logentry",
    "pk": 94,
    "fields": {
      "action_time": "2025-02-04T11:21:58.196Z",
      "user": 2,
      "content_type": 8,
      "object_id": "4",
      "object_repr": "Record for Rajesh Mondol by Dr. Dr. Farzana Karim on 2025-02-04",
      "action_flag": 3,
      "change_message": ""
    }
  },
  {
    "model": "admin.logentry",
    "pk": 95,
    "fields": {
      "action_time": "2025-02-04T11:21:58.196Z",
      "user": 2,
      "content_type": 8,
      "object_id": "3",
      "object_repr": "Record for Rajesh Mondol by Dr. Dr. Farzana Karim on 2025-02-04",
      "action_flag": 3,
      "change_message": ""
    }
  },
  {
    "model": "admin.logentry",
    "pk": 96,
    "fields": {
      "action_time": "2025-02-04T11:59:54.782Z",
      "user": 2,
      "content_type": 8,
      "object_id": "9",
      "object_repr": "Record for Rajesh Mondol by Dr. Dr. Farzana Karim on 2025-02-04",
      "action_flag": 3,
      "change_message": ""
    }
  },
  {
    "model": "admin.logentry",
    "pk": 97,
    "fields": {
      "action_time": "2025-02-04T11:59:54.782Z",
      "user": 2,
      "content_type": 8,
      "object_id": "8",
      "object_repr": "Record for Rajesh Mondol by Dr. Dr. Farzana Karim on 2025-02-04",
      "action_flag": 3,
      "change_message": ""
    }
  },
  {
    "model": "admin.logentry",
    "pk": 98,
    "fields": {
      "action_time": "2025-02-04T11:59:54.782Z",
      "user": 2,
      "content_type": 8,
      "object_id": "7",
      "object_repr": "Record for Rajesh Mondol by Dr. Dr. Farzana Karim on 2025-02-04",
      "action_flag": 3,
      "change_message": ""
    }
  },
  {
    "model": "admin.logentry",
    "pk": 99,
    "fields": {
      "action_time": "2025-02-04T11:59:54.782Z",
      "user": 2,
      "content_type": 8,
      "object_id": "6",
      "object_repr": "Record for Rajesh Mondol by Dr. Dr. Farzana Karim on 2025-02-04",
      "action_flag": 3,
      "change_message": ""
    }
  },
  {
    "model": "admin.logentry",
    "pk": 100,
    "fields": {
      "action_time": "2025-02-04T11:59:54.782Z",
      "user": 2,
      "content_type": 8,
      "object_id": "5",
      "object_repr": "Record for Rajesh Mondol by Dr. Dr. Farzana Karim on 2025-02-04",
      "action_flag": 3,
      "change_message": ""
    }
  },
  {
    "model": "admin.logentry",
    "pk": 101,
    "fields": {
      "action_time": "2025-02-09T16:51:07.136Z",
      "user": 2,
      "content_type": 6,
      "object_id": "7",
      "object_repr": "merinamou3@gmail.com (Patient)",
      "action_flag": 3,
      "change_message": ""
    }
  },
  {
    "model": "admin.logentry",
    "pk": 102,
    "fields": {
      "action_time": "2025-02-09T16:52:11.580Z",
      "user": 2,
      "content_type": 6,
      "object_id": "8",
      "object_repr": "merinamou3@gmail.com (Patient)",
      "action_flag": 3,
      "change_message": ""
    }
  },
  {
    "model": "admin.logentry",
    "pk": 103,
    "fields": {
      "action_time": "2025-02-10T04:58:04.774Z",
      "user": 2,
      "content_type": 6,
      "object_id": "9",
      "object_repr": "merinamou3@gmail.com (Patient)",
      "action_flag": 3,
      "change_message": ""
    }
  },
  {
    "model": "admin.logentry",
    "pk": 104,
    "fields": {
      "action_time": "2025-02-10T05:05:39.822Z",
      "user": 2,
      "content_type": 6,
      "object_id": "10",
      "object_repr": "merinamou3@gmail.com (Patient)",
      "action_flag": 3,
      "change_message": ""
    }
  },
  {
    "model": "admin.logentry",
    "pk": 105,
    "fields": {
      "action_time": "2025-02-10T05:30:01.963Z",
      "user": 2,
      "content_type": 6,
      "object_id": "11",
      "object_repr": "merinamou3@gmail.com (Patient)",
      "action_flag": 3,
      "change_message": ""
    }
  },
  {
    "model": "admin.logentry",
    "pk": 106,
    "fields": {
      "action_time": "2025-02-10T08:05:16.960Z",
      "user": 2,
      "content_type": 6,
      "object_id": "12",
      "object_repr": "merinamou3@gmail.com (Doctor)",
      "action_flag": 3,
      "change_message": ""
    }
  },
  {
    "model": "admin.logentry",
    "pk": 107,
    "fields": {
      "action_time": "2025-02-10T11:33:25.710Z",
      "user": 2,
      "content_type": 6,
      "object_id": "13",
      "object_repr": "merinamou3@gmail.com (Patient)",
      "action_flag": 3,
      "change_message": ""
    }
  },
  {
    "model": "admin.logentry",
    "pk": 108,
    "fields": {
      "action_time": "2025-02-10T11:36:11.155Z",
      "user": 2,
      "content_type": 6,
      "object_id": "15",
      "object_repr": "merinamou3@gmail.com (Patient)",
      "action_flag": 3,
      "change_message": ""
    }
  },
  {
    "model": "admin.logentry",
    "pk": 109,
    "fields": {
      "action_time": "2025-02-10T11:38:46.417Z",
      "user": 2,
      "content_type": 6,
      "object_id": "16",
      "object_repr": "merinamou3@gmail.com (Patient)",
      "action_flag": 3,
      "change_message": ""
    }
  },
  {
    "model": "admin.logentry",
    "pk": 110,
    "fields": {
      "action_time": "2025-02-10T11:48:23.225Z",
      "user": 2,
      "content_type": 6,
      "object_id": "17",
      "object_repr": "merinamou3@gmail.com (Patient)",
      "action_flag": 3,
      "change_message": ""
    }
  },
  {
    "model": "admin.logentry",
    "pk": 111,
    "fields": {
      "action_time": "2025-02-10T12:02:16.912Z",
      "user": 2,
      "content_type": 6,
      "object_id": "18",
      "object_repr": "merinamou3@gmail.com (Patient)",
      "action_flag": 3,
      "change_message": ""
    }
  },
  {
    "model": "admin.logentry",
    "pk": 112,
    "fields": {
      "action_time": "2025-02-10T12:08:41.550Z",
      "user": 2,
      "content_type": 6,
      "object_id": "19",
      "object_repr": "merinamou3@gmail.com (Patient)",
      "action_flag": 3,
      "change_message": ""
    }
  },
  {
    "model": "admin.logentry",
    "pk": 113,
    "fields": {
      "action_time": "2025-02-10T12:09:47.504Z",
      "user": 2,
      "content_type": 6,
      "object_id": "20",
      "object_repr": "merinamou3@gmail.com (Patient)",
      "action_flag": 3,
      "change_message": ""
    }
  },
  {
    "model": "admin.logentry",
    "pk": 114,
    "fields": {
      "action_time": "2025-02-10T15:40:03.512Z",
      "user": 2,
      "content_type": 6,
      "object_id": "21",
      "object_repr": "merinamou3@gmail.com (Doctor)",
      "action_flag": 2,
      "change_message": "[{\"changed\": {\"fields\": [\"Status\"]}}]"
    }
  },
  {
    "model": "admin.logentry",
    "pk": 115,
    "fields": {
      "action_time": "2025-02-10T15:41:38.973Z",
      "user": 2,
      "content_type": 6,
      "object_id": "21",
      "object_repr": "merinamou3@gmail.com (Doctor)",
      "action_flag": 2,
      "change_message": "[{\"changed\": {\"fields\": [\"Status\"]}}]"
    }
  },
  {
    "model": "admin.logentry",
    "pk": 116,
    "fields": {
      "action_time": "2025-02-11T12:51:35.530Z",
      "user": 2,
      "content_type": 6,
      "object_id": "22",
      "object_repr": "akterraina013@gmail.com (Patient)",
      "action_flag": 3,
      "change_message": ""
    }
  },
  {
    "model": "admin.logentry",
    "pk": 117,
    "fields": {
      "action_time": "2025-02-11T12:51:35.531Z",
      "user": 2,
      "content_type": 6,
      "object_id": "23",
      "object_repr": "akterraina01@gmail.com (Patient)",
      "action_flag": 3,
      "change_message": ""
    }
  },
  {
    "model": "admin.logentry",
    "pk": 118,
    "fields": {
      "action_time": "2025-02-11T13:43:42.499Z",
      "user": 2,
      "content_type": 6,
      "object_id": "24",
      "object_repr": "akterraina013@gmail.com (Patient)",
      "action_flag": 3,
      "change_message": ""
    }
  },
  {
    "model": "admin.logentry",
    "pk": 119,
    "fields": {
      "action_time": "2025-02-11T14:08:22.539Z",
      "user": 2,
      "content_type": 6,
      "object_id": "26",
      "object_repr": "patientnodi@yopmail.com (Patient)",
      "action_flag": 3,
      "change_message": ""
    }
  },
  {
    "model": "admin.logentry",
    "pk": 120,
    "fields": {
      "action_time": "2025-02-11T18:52:45.834Z",
      "user": 2,
      "content_type": 11,
      "object_id": "3",
      "object_repr": "Dr. Farzana Karim (Pediatrics, Otorhinolaryngology (ENT))",
      "action_flag": 2,
      "change_message": "[{\"changed\": {\"fields\": [\"Designation\"]}}]"
    }
  },
  {
    "model": "admin.logentry",
    "pk": 121,
    "fields": {
      "action_time": "2025-02-11T18:57:09.603Z",
      "user": 2,
      "content_type": 11,
      "object_id": "3",
      "object_repr": "Dr. Farzana Karim (Pediatrics, Otorhinolaryngology (ENT))",
      "action_flag": 2,
      "change_message": "[{\"changed\": {\"fields\": [\"Image\"]}}]"
    }
  },
  {
    "model": "admin.logentry",
    "pk": 122,
    "fields": {
      "action_time": "2025-02-11T18:57:21.465Z",
      "user": 2,
      "content_type": 11,
      "object_id": "1",
      "object_repr": "Dr. Fatema (Pediatrics, Otorhinolaryngology (ENT))",
      "action_flag": 2,
      "change_message": "[{\"changed\": {\"fields\": [\"Image\", \"Country\"]}}]"
    }
  },
  {
    "model": "admin.logentry",
    "pk": 123,
    "fields": {
      "action_time": "2025-02-12T05:49:46.460Z",
      "user": 2,
      "content_type": 6,
      "object_id": "14",
      "object_repr": "tkmax433@gmail.com (Doctor)",
      "action_flag": 3,
      "change_message": ""
    }
  },
  {
    "model": "admin.logentry",
    "pk": 124,
    "fields": {
      "action_time": "2025-02-12T06:17:19.037Z",
      "user": 2,
      "content_type": 11,
      "object_id": "4",
      "object_repr": "Dr. Adam Smith (Cardiologist, Emergency Medicine)",
      "action_flag": 1,
      "change_message": "[{\"added\": {}}]"
    }
  },
  {
    "model": "admin.logentry",
    "pk": 125,
    "fields": {
      "action_time": "2025-02-12T06:17:54.763Z",
      "user": 2,
      "content_type": 11,
      "object_id": "5",
      "object_repr": "Dr. Sophia Williams (Pediatrics)",
      "action_flag": 1,
      "change_message": "[{\"added\": {}}]"
    }
  },
  {
    "model": "admin.logentry",
    "pk": 126,
    "fields": {
      "action_time": "2025-02-12T06:18:38.038Z",
      "user": 2,
      "content_type": 11,
      "object_id": "6",
      "object_repr": "Dr. Noah Johnson (Dermatology, Plastic Surgery)",
      "action_flag": 1,
      "change_message": "[{\"added\": {}}]"
    }
  },
  {
    "model": "admin.logentry",
    "pk": 127,
    "fields": {
      "action_time": "2025-02-12T07:24:54.717Z",
      "user": 2,
      "content_type": 10,
      "object_id": "1",
      "object_repr": "Cardiologist",
      "action_flag": 2,
      "change_message": "[{\"changed\": {\"fields\": [\"Icon\"]}}]"
    }
  },
  {
    "model": "admin.logentry",
    "pk": 128,
    "fields": {
      "action_time": "2025-02-12T07:25:13.045Z",
      "user": 2,
      "content_type": 10,
      "object_id": "2",
      "object_repr": "Neurosurgery",
      "action_flag": 2,
      "change_message": "[{\"changed\": {\"fields\": [\"Icon\"]}}]"
    }
  },
  {
    "model": "admin.logentry",
    "pk": 129,
    "fields": {
      "action_time": "2025-02-12T07:25:29.661Z",
      "user": 2,
      "content_type": 10,
      "object_id": "3",
      "object_repr": "Orthopedics",
      "action_flag": 2,
      "change_message": "[{\"changed\": {\"fields\": [\"Icon\"]}}]"
    }
  },
  {
    "model": "admin.logentry",
    "pk": 130,
    "fields": {
      "action_time": "2025-02-12T07:25:44.663Z",
      "user": 2,
      "content_type": 10,
      "object_id": "4",
      "object_repr": "Dermatology",
      "action_flag": 2,
      "change_message": "[{\"changed\": {\"fields\": [\"Icon\"]}}]"
    }
  },
  {
    "model": "admin.logentry",
    "pk": 131,
    "fields": {
      "action_time": "2025-02-12T07:25:58.675Z",
      "user": 2,
      "content_type": 10,
      "object_id": "5",
      "object_repr": "Pediatrics",
      "action_flag": 2,
      "change_message": "[{\"changed\": {\"fields\": [\"Icon\"]}}]"
    }
  },
  {
    "model": "admin.logentry",
    "pk": 132,
    "fields": {
      "action_time": "2025-02-12T07:26:21.861Z",
      "user": 2,
      "content_type": 10,
      "object_id": "6",
      "object_repr": "Ophthalmology",
      "action_flag": 2,
      "change_message": "[{\"changed\": {\"fields\": [\"Icon\"]}}]"
    }
  },
  {
    "model": "admin.logentry",
    "pk": 133,
    "fields": {
      "action_time": "2025-02-12T07:26:34.877Z",
      "user": 2,
      "content_type": 10,
      "object_id": "7",
      "object_repr": "Otorhinolaryngology (ENT)",
      "action_flag": 2,
      "change_message": "[{\"changed\": {\"fields\": [\"Icon\"]}}]"
    }
  },
  {
    "model": "admin.logentry",
    "pk": 134,
    "fields": {
      "action_time": "2025-02-12T07:26:58.356Z",
      "user": 2,
      "content_type": 10,
      "object_id": "8",
      "object_repr": "Gynecology & Obstetrics",
      "action_flag": 2,
      "change_message": "[{\"changed\": {\"fields\": [\"Icon\"]}}]"
    }
  },
  {
    "model": "admin.logentry",
    "pk": 135,
    "fields": {
      "action_time": "2025-02-12T07:27:14.585Z",
      "user": 2,
      "content_type": 10,
      "object_id": "9",
      "object_repr": "Radiology",
      "action_flag": 2,
      "change_message": "[{\"changed\": {\"fields\": [\"Icon\"]}}]"
    }
  },
  {
    "model": "admin.logentry",
    "pk": 136,
    "fields": {
      "action_time": "2025-02-12T07:27:57.418Z",
      "user": 2,
      "content_type": 10,
      "object_id": "10",
      "object_repr": "Oncology",
      "action_flag": 2,
      "change_message": "[{\"changed\": {\"fields\": [\"Icon\"]}}]"
    }
  },
  {
    "model": "admin.logentry",
    "pk": 137,
    "fields": {
      "action_time": "2025-02-12T07:28:11.073Z",
      "user": 2,
      "content_type": 10,
      "object_id": "11",
      "object_repr": "Endocrinology",
      "action_flag": 2,
      "change_message": "[{\"changed\": {\"fields\": [\"Icon\"]}}]"
    }
  },
  {
    "model": "admin.logentry",
    "pk": 138,
    "fields": {
      "action_time": "2025-02-12T07:28:22.925Z",
      "user": 2,
      "content_type": 10,
      "object_id": "12",
      "object_repr": "Gastroenterology",
      "action_flag": 2,
      "change_message": "[{\"changed\": {\"fields\": [\"Icon\"]}}]"
    }
  },
  {
    "model": "admin.logentry",
    "pk": 139,
    "fields": {
      "action_time": "2025-02-12T07:28:49.683Z",
      "user": 2,
      "content_type": 10,
      "object_id": "13",
      "object_repr": "Nephrology",
      "action_flag": 2,
      "change_message": "[{\"changed\": {\"fields\": [\"Icon\"]}}]"
    }
  },
  {
    "model": "admin.logentry",
    "pk": 140,
    "fields": {
      "action_time": "2025-02-12T07:29:02.789Z",
      "user": 2,
      "content_type": 10,
      "object_id": "14",
      "object_repr": "Pulmonology",
      "action_flag": 2,
      "change_message": "[{\"changed\": {\"fields\": [\"Icon\"]}}]"
    }
  },
  {
    "model": "admin.logentry",
    "pk": 141,
    "fields": {
      "action_time": "2025-02-12T07:29:16.631Z",
      "user": 2,
      "content_type": 10,
      "object_id": "15",
      "object_repr": "Anesthesiology",
      "action_flag": 2,
      "change_message": "[{\"changed\": {\"fields\": [\"Icon\"]}}]"
    }
  },
  {
    "model": "admin.logentry",
    "pk": 142,
    "fields": {
      "action_time": "2025-02-12T07:41:00.039Z",
      "user": 2,
      "content_type": 10,
      "object_id": "16",
      "object_repr": "Psychiatry",
      "action_flag": 2,
      "change_message": "[{\"changed\": {\"fields\": [\"Icon\"]}}]"
    }
  },
  {
    "model": "admin.logentry",
    "pk": 143,
    "fields": {
      "action_time": "2025-02-12T07:41:11.428Z",
      "user": 2,
      "content_type": 10,
      "object_id": "17",
      "object_repr": "Rheumatology",
      "action_flag": 2,
      "change_message": "[{\"changed\": {\"fields\": [\"Icon\"]}}]"
    }
  },
  {
    "model": "admin.logentry",
    "pk": 144,
    "fields": {
      "action_time": "2025-02-12T07:45:44.547Z",
      "user": 2,
      "content_type": 10,
      "object_id": "17",
      "object_repr": "Rheumatology",
      "action_flag": 2,
      "change_message": "[]"
    }
  },
  {
    "model": "admin.logentry",
    "pk": 145,
    "fields": {
      "action_time": "2025-02-12T07:45:55.713Z",
      "user": 2,
      "content_type": 10,
      "object_id": "18",
      "object_repr": "Urology",
      "action_flag": 2,
      "change_message": "[{\"changed\": {\"fields\": [\"Icon\"]}}]"
    }
  },
  {
    "model": "admin.logentry",
    "pk": 146,
    "fields": {
      "action_time": "2025-02-12T07:46:04.698Z",
      "user": 2,
      "content_type": 10,
      "object_id": "19",
      "object_repr": "Pathology",
      "action_flag": 2,
      "change_message": "[{\"changed\": {\"fields\": [\"Icon\"]}}]"
    }
  },
  {
    "model": "admin.logentry",
    "pk": 147,
    "fields": {
      "action_time": "2025-02-12T07:46:12.298Z",
      "user": 2,
      "content_type": 10,
      "object_id": "20",
      "object_repr": "General Surgery",
      "action_flag": 2,
      "change_message": "[{\"changed\": {\"fields\": [\"Icon\"]}}]"
    }
  },
  {
    "model": "admin.logentry",
    "pk": 148,
    "fields": {
      "action_time": "2025-02-12T07:46:20.785Z",
      "user": 2,
      "content_type": 10,
      "object_id": "21",
      "object_repr": "Plastic Surgery",
      "action_flag": 2,
      "change_message": "[{\"changed\": {\"fields\": [\"Icon\"]}}]"
    }
  },
  {
    "model": "admin.logentry",
    "pk": 149,
    "fields": {
      "action_time": "2025-02-12T07:46:27.792Z",
      "user": 2,
      "content_type": 10,
      "object_id": "22",
      "object_repr": "Emergency Medicine",
      "action_flag": 2,
      "change_message": "[{\"changed\": {\"fields\": [\"Icon\"]}}]"
    }
  },
  {
    "model": "admin.logentry",
    "pk": 150,
    "fields": {
      "action_time": "2025-02-12T07:46:37.426Z",
      "user": 2,
      "content_type": 10,
      "object_id": "23",
      "object_repr": "Infectious Disease",
      "action_flag": 2,
      "change_message": "[{\"changed\": {\"fields\": [\"Icon\"]}}]"
    }
  },
  {
    "model": "admin.logentry",
    "pk": 151,
    "fields": {
      "action_time": "2025-02-12T07:46:44.533Z",
      "user": 2,
      "content_type": 10,
      "object_id": "24",
      "object_repr": "Hematology",
      "action_flag": 2,
      "change_message": "[{\"changed\": {\"fields\": [\"Icon\"]}}]"
    }
  },
  {
    "model": "admin.logentry",
    "pk": 152,
    "fields": {
      "action_time": "2025-02-12T07:46:50.208Z",
      "user": 2,
      "content_type": 10,
      "object_id": "25",
      "object_repr": "Physical Medicine & Rehabilita",
      "action_flag": 2,
      "change_message": "[{\"changed\": {\"fields\": [\"Icon\"]}}]"
    }
  },
  {
    "model": "admin.logentry",
    "pk": 153,
    "fields": {
      "action_time": "2025-02-12T07:48:19.527Z",
      "user": 2,
      "content_type": 10,
      "object_id": "12",
      "object_repr": "Gastroenterology",
      "action_flag": 2,
      "change_message": "[]"
    }
  },
  {
    "model": "admin.logentry",
    "pk": 154,
    "fields": {
      "action_time": "2025-02-12T07:49:40.083Z",
      "user": 2,
      "content_type": 9,
      "object_id": "1",
      "object_repr": "Senior Surgeon",
      "action_flag": 2,
      "change_message": "[{\"changed\": {\"fields\": [\"Icon\"]}}]"
    }
  },
  {
    "model": "admin.logentry",
    "pk": 155,
    "fields": {
      "action_time": "2025-02-12T07:50:18.125Z",
      "user": 2,
      "content_type": 9,
      "object_id": "2",
      "object_repr": "Senior Consultant",
      "action_flag": 2,
      "change_message": "[{\"changed\": {\"fields\": [\"Icon\"]}}]"
    }
  },
  {
    "model": "admin.logentry",
    "pk": 156,
    "fields": {
      "action_time": "2025-02-12T07:50:31.848Z",
      "user": 2,
      "content_type": 9,
      "object_id": "3",
      "object_repr": "Junior Consultant",
      "action_flag": 2,
      "change_message": "[{\"changed\": {\"fields\": [\"Icon\"]}}]"
    }
  },
  {
    "model": "admin.logentry",
    "pk": 157,
    "fields": {
      "action_time": "2025-02-12T07:50:53.476Z",
      "user": 2,
      "content_type": 9,
      "object_id": "4",
      "object_repr": "Medical Officer",
      "action_flag": 2,
      "change_message": "[{\"changed\": {\"fields\": [\"Icon\"]}}]"
    }
  },
  {
    "model": "admin.logentry",
    "pk": 158,
    "fields": {
      "action_time": "2025-02-12T07:51:03.458Z",
      "user": 2,
      "content_type": 9,
      "object_id": "5",
      "object_repr": "Chief Surgeon",
      "action_flag": 2,
      "change_message": "[{\"changed\": {\"fields\": [\"Icon\"]}}]"
    }
  },
  {
    "model": "admin.logentry",
    "pk": 159,
    "fields": {
      "action_time": "2025-02-12T07:51:16.981Z",
      "user": 2,
      "content_type": 9,
      "object_id": "6",
      "object_repr": "Resident Doctor",
      "action_flag": 2,
      "change_message": "[{\"changed\": {\"fields\": [\"Icon\"]}}]"
    }
  },
  {
    "model": "admin.logentry",
    "pk": 160,
    "fields": {
      "action_time": "2025-02-12T07:51:28.764Z",
      "user": 2,
      "content_type": 9,
      "object_id": "7",
      "object_repr": "Intern Doctor",
      "action_flag": 2,
      "change_message": "[{\"changed\": {\"fields\": [\"Icon\"]}}]"
    }
  },
  {
    "model": "admin.logentry",
    "pk": 161,
    "fields": {
      "action_time": "2025-02-12T07:51:44.912Z",
      "user": 2,
      "content_type": 9,
      "object_id": "8",
      "object_repr": "Head of Department (HOD)",
      "action_flag": 2,
      "change_message": "[{\"changed\": {\"fields\": [\"Icon\"]}}]"
    }
  },
  {
    "model": "admin.logentry",
    "pk": 162,
    "fields": {
      "action_time": "2025-02-12T07:51:59.007Z",
      "user": 2,
      "content_type": 9,
      "object_id": "9",
      "object_repr": "Clinical Researcher",
      "action_flag": 2,
      "change_message": "[{\"changed\": {\"fields\": [\"Icon\"]}}]"
    }
  },
  {
    "model": "admin.logentry",
    "pk": 163,
    "fields": {
      "action_time": "2025-02-12T07:52:09.841Z",
      "user": 2,
      "content_type": 9,
      "object_id": "10",
      "object_repr": "Physician Assistant",
      "action_flag": 2,
      "change_message": "[{\"changed\": {\"fields\": [\"Icon\"]}}]"
    }
  },
  {
    "model": "admin.logentry",
    "pk": 164,
    "fields": {
      "action_time": "2025-02-12T07:52:22.714Z",
      "user": 2,
      "content_type": 9,
      "object_id": "11",
      "object_repr": "General Practitioner (GP)",
      "action_flag": 2,
      "change_message": "[{\"changed\": {\"fields\": [\"Icon\"]}}]"
    }
  },
  {
    "model": "admin.logentry",
    "pk": 165,
    "fields": {
      "action_time": "2025-02-12T07:52:32.408Z",
      "user": 2,
      "content_type": 9,
      "object_id": "12",
      "object_repr": "Anesthesiologist",
      "action_flag": 2,
      "change_message": "[{\"changed\": {\"fields\": [\"Icon\"]}}]"
    }
  },
  {
    "model": "admin.logentry",
    "pk": 166,
    "fields": {
      "action_time": "2025-02-12T07:52:42.925Z",
      "user": 2,
      "content_type": 9,
      "object_id": "13",
      "object_repr": "Emergency Medicine Specialist",
      "action_flag": 2,
      "change_message": "[{\"changed\": {\"fields\": [\"Icon\"]}}]"
    }
  },
  {
    "model": "admin.logentry",
    "pk": 167,
    "fields": {
      "action_time": "2025-02-12T07:52:53.832Z",
      "user": 2,
      "content_type": 9,
      "object_id": "14",
      "object_repr": "Pediatric Surgeon",
      "action_flag": 2,
      "change_message": "[{\"changed\": {\"fields\": [\"Icon\"]}}]"
    }
  },
  {
    "model": "admin.logentry",
    "pk": 168,
    "fields": {
      "action_time": "2025-02-12T07:53:05.673Z",
      "user": 2,
      "content_type": 9,
      "object_id": "15",
      "object_repr": "Plastic and Reconstructive Sur",
      "action_flag": 2,
      "change_message": "[{\"changed\": {\"fields\": [\"Icon\"]}}]"
    }
  },
  {
    "model": "admin.logentry",
    "pk": 169,
    "fields": {
      "action_time": "2025-02-12T07:53:22.472Z",
      "user": 2,
      "content_type": 9,
      "object_id": "16",
      "object_repr": "Neurosurgeon",
      "action_flag": 2,
      "change_message": "[{\"changed\": {\"fields\": [\"Icon\"]}}]"
    }
  },
  {
    "model": "admin.logentry",
    "pk": 170,
    "fields": {
      "action_time": "2025-02-12T07:53:34.480Z",
      "user": 2,
      "content_type": 9,
      "object_id": "17",
      "object_repr": "Dermatopathologist",
      "action_flag": 2,
      "change_message": "[{\"changed\": {\"fields\": [\"Icon\"]}}]"
    }
  },
  {
    "model": "admin.logentry",
    "pk": 171,
    "fields": {
      "action_time": "2025-02-12T07:53:45.872Z",
      "user": 2,
      "content_type": 9,
      "object_id": "18",
      "object_repr": "Forensic Pathologist",
      "action_flag": 2,
      "change_message": "[{\"changed\": {\"fields\": [\"Icon\"]}}]"
    }
  },
  {
    "model": "admin.logentry",
    "pk": 172,
    "fields": {
      "action_time": "2025-02-12T07:54:00.484Z",
      "user": 2,
      "content_type": 9,
      "object_id": "19",
      "object_repr": "Gynecologic Oncologist",
      "action_flag": 2,
      "change_message": "[{\"changed\": {\"fields\": [\"Icon\"]}}]"
    }
  },
  {
    "model": "admin.logentry",
    "pk": 173,
    "fields": {
      "action_time": "2025-02-12T07:54:13.107Z",
      "user": 2,
      "content_type": 9,
      "object_id": "20",
      "object_repr": "Intensivist (ICU Specialist)",
      "action_flag": 2,
      "change_message": "[{\"changed\": {\"fields\": [\"Icon\"]}}]"
    }
  },
  {
    "model": "admin.logentry",
    "pk": 174,
    "fields": {
      "action_time": "2025-02-12T07:54:26.639Z",
      "user": 2,
      "content_type": 9,
      "object_id": "21",
      "object_repr": "Medical Director",
      "action_flag": 2,
      "change_message": "[{\"changed\": {\"fields\": [\"Icon\"]}}]"
    }
  },
  {
    "model": "admin.logentry",
    "pk": 175,
    "fields": {
      "action_time": "2025-02-12T07:54:46.424Z",
      "user": 2,
      "content_type": 9,
      "object_id": "22",
      "object_repr": "Senior Registrar",
      "action_flag": 2,
      "change_message": "[{\"changed\": {\"fields\": [\"Icon\"]}}]"
    }
  },
  {
    "model": "admin.logentry",
    "pk": 176,
    "fields": {
      "action_time": "2025-02-12T07:54:54.841Z",
      "user": 2,
      "content_type": 9,
      "object_id": "23",
      "object_repr": "Medical Superintendent",
      "action_flag": 2,
      "change_message": "[{\"changed\": {\"fields\": [\"Icon\"]}}]"
    }
  },
  {
    "model": "admin.logentry",
    "pk": 177,
    "fields": {
      "action_time": "2025-02-12T07:55:03.827Z",
      "user": 2,
      "content_type": 9,
      "object_id": "24",
      "object_repr": "Clinical Pharmacist",
      "action_flag": 2,
      "change_message": "[{\"changed\": {\"fields\": [\"Icon\"]}}]"
    }
  },
  {
    "model": "admin.logentry",
    "pk": 178,
    "fields": {
      "action_time": "2025-02-12T07:55:10.088Z",
      "user": 2,
      "content_type": 9,
      "object_id": "25",
      "object_repr": "Telemedicine Specialist",
      "action_flag": 2,
      "change_message": "[{\"changed\": {\"fields\": [\"Icon\"]}}]"
    }
  },
  {
    "model": "admin.logentry",
    "pk": 179,
    "fields": {
      "action_time": "2025-02-12T07:55:16.642Z",
      "user": 2,
      "content_type": 9,
      "object_id": "26",
      "object_repr": "Trauma Surgeon",
      "action_flag": 2,
      "change_message": "[{\"changed\": {\"fields\": [\"Icon\"]}}]"
    }
  },
  {
    "model": "admin.logentry",
    "pk": 180,
    "fields": {
      "action_time": "2025-02-12T08:01:04.562Z",
      "user": 2,
      "content_type": 9,
      "object_id": "6",
      "object_repr": "Resident Doctor",
      "action_flag": 2,
      "change_message": "[{\"changed\": {\"fields\": [\"Icon\"]}}]"
    }
  },
  {
    "model": "admin.logentry",
    "pk": 181,
    "fields": {
      "action_time": "2025-02-12T08:01:23.670Z",
      "user": 2,
      "content_type": 9,
      "object_id": "5",
      "object_repr": "Chief Surgeon",
      "action_flag": 2,
      "change_message": "[{\"changed\": {\"fields\": [\"Icon\"]}}]"
    }
  },
  {
    "model": "admin.logentry",
    "pk": 182,
    "fields": {
      "action_time": "2025-02-13T09:32:51.449Z",
      "user": 2,
      "content_type": 11,
      "object_id": "7",
      "object_repr": "Dr. shahida (Neurosurgery)",
      "action_flag": 2,
      "change_message": "[{\"changed\": {\"fields\": [\"Designation\", \"Specialization\", \"Country\"]}}]"
    }
  },
  {
    "model": "admin.logentry",
    "pk": 183,
    "fields": {
      "action_time": "2025-02-15T08:52:34.941Z",
      "user": 2,
      "content_type": 12,
      "object_id": "9",
      "object_repr": "2025-02-13: 12:30:00 - 13:00:00 (Booked)",
      "action_flag": 3,
      "change_message": ""
    }
  },
  {
    "model": "admin.logentry",
    "pk": 184,
    "fields": {
      "action_time": "2025-02-15T08:52:34.942Z",
      "user": 2,
      "content_type": 12,
      "object_id": "10",
      "object_repr": "2025-02-14: 00:30:00 - 01:00:00 (Booked)",
      "action_flag": 3,
      "change_message": ""
    }
  },
  {
    "model": "admin.logentry",
    "pk": 185,
    "fields": {
      "action_time": "2025-02-15T08:52:34.942Z",
      "user": 2,
      "content_type": 12,
      "object_id": "12",
      "object_repr": "2025-02-15: 15:30:00 - 16:00:00 (Available)",
      "action_flag": 3,
      "change_message": ""
    }
  },
  {
    "model": "admin.logentry",
    "pk": 186,
    "fields": {
      "action_time": "2025-02-15T08:52:34.942Z",
      "user": 2,
      "content_type": 12,
      "object_id": "11",
      "object_repr": "2025-02-15: 13:50:00 - 14:30:00 (Booked)",
      "action_flag": 3,
      "change_message": ""
    }
  },
  {
    "model": "admin.logentry",
    "pk": 187,
    "fields": {
      "action_time": "2025-02-15T08:52:34.942Z",
      "user": 2,
      "content_type": 12,
      "object_id": "15",
      "object_repr": "2025-02-15: 15:00:00 - 15:30:00 (Booked)",
      "action_flag": 3,
      "change_message": ""
    }
  },
  {
    "model": "admin.logentry",
    "pk": 188,
    "fields": {
      "action_time": "2025-02-15T08:52:34.942Z",
      "user": 2,
      "content_type": 12,
      "object_id": "13",
      "object_repr": "2025-02-15: 15:30:00 - 16:00:00 (Booked)",
      "action_flag": 3,
      "change_message": ""
    }
  },
  {
    "model": "admin.logentry",
    "pk": 189,
    "fields": {
      "action_time": "2025-02-15T08:52:34.942Z",
      "user": 2,
      "content_type": 12,
      "object_id": "14",
      "object_repr": "2025-02-15: 17:30:00 - 18:00:00 (Booked)",
      "action_flag": 3,
      "change_message": ""
    }
  },
  {
    "model": "admin.logentry",
    "pk": 190,
    "fields": {
      "action_time": "2025-02-15T09:54:36.910Z",
      "user": 2,
      "content_type": 12,
      "object_id": "16",
      "object_repr": "2025-02-15: 15:30:00 - 16:30:00 (Booked)",
      "action_flag": 3,
      "change_message": ""
    }
  },
  {
    "model": "admin.logentry",
    "pk": 191,
    "fields": {
      "action_time": "2025-02-15T09:54:36.910Z",
      "user": 2,
      "content_type": 12,
      "object_id": "17",
      "object_repr": "2025-02-15: 16:50:00 - 17:30:00 (Available)",
      "action_flag": 3,
      "change_message": ""
    }
  },
  {
    "model": "auth.permission",
    "pk": 1,
    "fields": {
      "name": "Can add log entry",
      "content_type": 1,
      "codename": "add_logentry"
    }
  },
  {
    "model": "auth.permission",
    "pk": 2,
    "fields": {
      "name": "Can change log entry",
      "content_type": 1,
      "codename": "change_logentry"
    }
  },
  {
    "model": "auth.permission",
    "pk": 3,
    "fields": {
      "name": "Can delete log entry",
      "content_type": 1,
      "codename": "delete_logentry"
    }
  },
  {
    "model": "auth.permission",
    "pk": 4,
    "fields": {
      "name": "Can view log entry",
      "content_type": 1,
      "codename": "view_logentry"
    }
  },
  {
    "model": "auth.permission",
    "pk": 5,
    "fields": {
      "name": "Can add permission",
      "content_type": 2,
      "codename": "add_permission"
    }
  },
  {
    "model": "auth.permission",
    "pk": 6,
    "fields": {
      "name": "Can change permission",
      "content_type": 2,
      "codename": "change_permission"
    }
  },
  {
    "model": "auth.permission",
    "pk": 7,
    "fields": {
      "name": "Can delete permission",
      "content_type": 2,
      "codename": "delete_permission"
    }
  },
  {
    "model": "auth.permission",
    "pk": 8,
    "fields": {
      "name": "Can view permission",
      "content_type": 2,
      "codename": "view_permission"
    }
  },
  {
    "model": "auth.permission",
    "pk": 9,
    "fields": {
      "name": "Can add group",
      "content_type": 3,
      "codename": "add_group"
    }
  },
  {
    "model": "auth.permission",
    "pk": 10,
    "fields": {
      "name": "Can change group",
      "content_type": 3,
      "codename": "change_group"
    }
  },
  {
    "model": "auth.permission",
    "pk": 11,
    "fields": {
      "name": "Can delete group",
      "content_type": 3,
      "codename": "delete_group"
    }
  },
  {
    "model": "auth.permission",
    "pk": 12,
    "fields": {
      "name": "Can view group",
      "content_type": 3,
      "codename": "view_group"
    }
  },
  {
    "model": "auth.permission",
    "pk": 13,
    "fields": {
      "name": "Can add content type",
      "content_type": 4,
      "codename": "add_contenttype"
    }
  },
  {
    "model": "auth.permission",
    "pk": 14,
    "fields": {
      "name": "Can change content type",
      "content_type": 4,
      "codename": "change_contenttype"
    }
  },
  {
    "model": "auth.permission",
    "pk": 15,
    "fields": {
      "name": "Can delete content type",
      "content_type": 4,
      "codename": "delete_contenttype"
    }
  },
  {
    "model": "auth.permission",
    "pk": 16,
    "fields": {
      "name": "Can view content type",
      "content_type": 4,
      "codename": "view_contenttype"
    }
  },
  {
    "model": "auth.permission",
    "pk": 17,
    "fields": {
      "name": "Can add session",
      "content_type": 5,
      "codename": "add_session"
    }
  },
  {
    "model": "auth.permission",
    "pk": 18,
    "fields": {
      "name": "Can change session",
      "content_type": 5,
      "codename": "change_session"
    }
  },
  {
    "model": "auth.permission",
    "pk": 19,
    "fields": {
      "name": "Can delete session",
      "content_type": 5,
      "codename": "delete_session"
    }
  },
  {
    "model": "auth.permission",
    "pk": 20,
    "fields": {
      "name": "Can view session",
      "content_type": 5,
      "codename": "view_session"
    }
  },
  {
    "model": "auth.permission",
    "pk": 21,
    "fields": {
      "name": "Can add user",
      "content_type": 6,
      "codename": "add_user"
    }
  },
  {
    "model": "auth.permission",
    "pk": 22,
    "fields": {
      "name": "Can change user",
      "content_type": 6,
      "codename": "change_user"
    }
  },
  {
    "model": "auth.permission",
    "pk": 23,
    "fields": {
      "name": "Can delete user",
      "content_type": 6,
      "codename": "delete_user"
    }
  },
  {
    "model": "auth.permission",
    "pk": 24,
    "fields": {
      "name": "Can view user",
      "content_type": 6,
      "codename": "view_user"
    }
  },
  {
    "model": "auth.permission",
    "pk": 25,
    "fields": {
      "name": "Can add patient",
      "content_type": 7,
      "codename": "add_patient"
    }
  },
  {
    "model": "auth.permission",
    "pk": 26,
    "fields": {
      "name": "Can change patient",
      "content_type": 7,
      "codename": "change_patient"
    }
  },
  {
    "model": "auth.permission",
    "pk": 27,
    "fields": {
      "name": "Can delete patient",
      "content_type": 7,
      "codename": "delete_patient"
    }
  },
  {
    "model": "auth.permission",
    "pk": 28,
    "fields": {
      "name": "Can view patient",
      "content_type": 7,
      "codename": "view_patient"
    }
  },
  {
    "model": "auth.permission",
    "pk": 29,
    "fields": {
      "name": "Can add medical record",
      "content_type": 8,
      "codename": "add_medicalrecord"
    }
  },
  {
    "model": "auth.permission",
    "pk": 30,
    "fields": {
      "name": "Can change medical record",
      "content_type": 8,
      "codename": "change_medicalrecord"
    }
  },
  {
    "model": "auth.permission",
    "pk": 31,
    "fields": {
      "name": "Can delete medical record",
      "content_type": 8,
      "codename": "delete_medicalrecord"
    }
  },
  {
    "model": "auth.permission",
    "pk": 32,
    "fields": {
      "name": "Can view medical record",
      "content_type": 8,
      "codename": "view_medicalrecord"
    }
  },
  {
    "model": "auth.permission",
    "pk": 33,
    "fields": {
      "name": "Can add designation",
      "content_type": 9,
      "codename": "add_designation"
    }
  },
  {
    "model": "auth.permission",
    "pk": 34,
    "fields": {
      "name": "Can change designation",
      "content_type": 9,
      "codename": "change_designation"
    }
  },
  {
    "model": "auth.permission",
    "pk": 35,
    "fields": {
      "name": "Can delete designation",
      "content_type": 9,
      "codename": "delete_designation"
    }
  },
  {
    "model": "auth.permission",
    "pk": 36,
    "fields": {
      "name": "Can view designation",
      "content_type": 9,
      "codename": "view_designation"
    }
  },
  {
    "model": "auth.permission",
    "pk": 37,
    "fields": {
      "name": "Can add specialization",
      "content_type": 10,
      "codename": "add_specialization"
    }
  },
  {
    "model": "auth.permission",
    "pk": 38,
    "fields": {
      "name": "Can change specialization",
      "content_type": 10,
      "codename": "change_specialization"
    }
  },
  {
    "model": "auth.permission",
    "pk": 39,
    "fields": {
      "name": "Can delete specialization",
      "content_type": 10,
      "codename": "delete_specialization"
    }
  },
  {
    "model": "auth.permission",
    "pk": 40,
    "fields": {
      "name": "Can view specialization",
      "content_type": 10,
      "codename": "view_specialization"
    }
  },
  {
    "model": "auth.permission",
    "pk": 41,
    "fields": {
      "name": "Can add doctor",
      "content_type": 11,
      "codename": "add_doctor"
    }
  },
  {
    "model": "auth.permission",
    "pk": 42,
    "fields": {
      "name": "Can change doctor",
      "content_type": 11,
      "codename": "change_doctor"
    }
  },
  {
    "model": "auth.permission",
    "pk": 43,
    "fields": {
      "name": "Can delete doctor",
      "content_type": 11,
      "codename": "delete_doctor"
    }
  },
  {
    "model": "auth.permission",
    "pk": 44,
    "fields": {
      "name": "Can view doctor",
      "content_type": 11,
      "codename": "view_doctor"
    }
  },
  {
    "model": "auth.permission",
    "pk": 45,
    "fields": {
      "name": "Can add available time",
      "content_type": 12,
      "codename": "add_availabletime"
    }
  },
  {
    "model": "auth.permission",
    "pk": 46,
    "fields": {
      "name": "Can change available time",
      "content_type": 12,
      "codename": "change_availabletime"
    }
  },
  {
    "model": "auth.permission",
    "pk": 47,
    "fields": {
      "name": "Can delete available time",
      "content_type": 12,
      "codename": "delete_availabletime"
    }
  },
  {
    "model": "auth.permission",
    "pk": 48,
    "fields": {
      "name": "Can view available time",
      "content_type": 12,
      "codename": "view_availabletime"
    }
  },
  {
    "model": "auth.permission",
    "pk": 49,
    "fields": {
      "name": "Can add review",
      "content_type": 13,
      "codename": "add_review"
    }
  },
  {
    "model": "auth.permission",
    "pk": 50,
    "fields": {
      "name": "Can change review",
      "content_type": 13,
      "codename": "change_review"
    }
  },
  {
    "model": "auth.permission",
    "pk": 51,
    "fields": {
      "name": "Can delete review",
      "content_type": 13,
      "codename": "delete_review"
    }
  },
  {
    "model": "auth.permission",
    "pk": 52,
    "fields": {
      "name": "Can view review",
      "content_type": 13,
      "codename": "view_review"
    }
  },
  {
    "model": "auth.permission",
    "pk": 53,
    "fields": {
      "name": "Can add appointment",
      "content_type": 14,
      "codename": "add_appointment"
    }
  },
  {
    "model": "auth.permission",
    "pk": 54,
    "fields": {
      "name": "Can change appointment",
      "content_type": 14,
      "codename": "change_appointment"
    }
  },
  {
    "model": "auth.permission",
    "pk": 55,
    "fields": {
      "name": "Can delete appointment",
      "content_type": 14,
      "codename": "delete_appointment"
    }
  },
  {
    "model": "auth.permission",
    "pk": 56,
    "fields": {
      "name": "Can view appointment",
      "content_type": 14,
      "codename": "view_appointment"
    }
  },
  {
    "model": "auth.permission",
    "pk": 57,
    "fields": {
      "name": "Can add crontab",
      "content_type": 15,
      "codename": "add_crontabschedule"
    }
  },
  {
    "model": "auth.permission",
    "pk": 58,
    "fields": {
      "name": "Can change crontab",
      "content_type": 15,
      "codename": "change_crontabschedule"
    }
  },
  {
    "model": "auth.permission",
    "pk": 59,
    "fields": {
      "name": "Can delete crontab",
      "content_type": 15,
      "codename": "delete_crontabschedule"
    }
  },
  {
    "model": "auth.permission",
    "pk": 60,
    "fields": {
      "name": "Can view crontab",
      "content_type": 15,
      "codename": "view_crontabschedule"
    }
  },
  {
    "model": "auth.permission",
    "pk": 61,
    "fields": {
      "name": "Can add interval",
      "content_type": 16,
      "codename": "add_intervalschedule"
    }
  },
  {
    "model": "auth.permission",
    "pk": 62,
    "fields": {
      "name": "Can change interval",
      "content_type": 16,
      "codename": "change_intervalschedule"
    }
  },
  {
    "model": "auth.permission",
    "pk": 63,
    "fields": {
      "name": "Can delete interval",
      "content_type": 16,
      "codename": "delete_intervalschedule"
    }
  },
  {
    "model": "auth.permission",
    "pk": 64,
    "fields": {
      "name": "Can view interval",
      "content_type": 16,
      "codename": "view_intervalschedule"
    }
  },
  {
    "model": "auth.permission",
    "pk": 65,
    "fields": {
      "name": "Can add periodic task",
      "content_type": 17,
      "codename": "add_periodictask"
    }
  },
  {
    "model": "auth.permission",
    "pk": 66,
    "fields": {
      "name": "Can change periodic task",
      "content_type": 17,
      "codename": "change_periodictask"
    }
  },
  {
    "model": "auth.permission",
    "pk": 67,
    "fields": {
      "name": "Can delete periodic task",
      "content_type": 17,
      "codename": "delete_periodictask"
    }
  },
  {
    "model": "auth.permission",
    "pk": 68,
    "fields": {
      "name": "Can view periodic task",
      "content_type": 17,
      "codename": "view_periodictask"
    }
  },
  {
    "model": "auth.permission",
    "pk": 69,
    "fields": {
      "name": "Can add periodic task track",
      "content_type": 18,
      "codename": "add_periodictasks"
    }
  },
  {
    "model": "auth.permission",
    "pk": 70,
    "fields": {
      "name": "Can change periodic task track",
      "content_type": 18,
      "codename": "change_periodictasks"
    }
  },
  {
    "model": "auth.permission",
    "pk": 71,
    "fields": {
      "name": "Can delete periodic task track",
      "content_type": 18,
      "codename": "delete_periodictasks"
    }
  },
  {
    "model": "auth.permission",
    "pk": 72,
    "fields": {
      "name": "Can view periodic task track",
      "content_type": 18,
      "codename": "view_periodictasks"
    }
  },
  {
    "model": "auth.permission",
    "pk": 73,
    "fields": {
      "name": "Can add solar event",
      "content_type": 19,
      "codename": "add_solarschedule"
    }
  },
  {
    "model": "auth.permission",
    "pk": 74,
    "fields": {
      "name": "Can change solar event",
      "content_type": 19,
      "codename": "change_solarschedule"
    }
  },
  {
    "model": "auth.permission",
    "pk": 75,
    "fields": {
      "name": "Can delete solar event",
      "content_type": 19,
      "codename": "delete_solarschedule"
    }
  },
  {
    "model": "auth.permission",
    "pk": 76,
    "fields": {
      "name": "Can view solar event",
      "content_type": 19,
      "codename": "view_solarschedule"
    }
  },
  {
    "model": "auth.permission",
    "pk": 77,
    "fields": {
      "name": "Can add clocked",
      "content_type": 20,
      "codename": "add_clockedschedule"
    }
  },
  {
    "model": "auth.permission",
    "pk": 78,
    "fields": {
      "name": "Can change clocked",
      "content_type": 20,
      "codename": "change_clockedschedule"
    }
  },
  {
    "model": "auth.permission",
    "pk": 79,
    "fields": {
      "name": "Can delete clocked",
      "content_type": 20,
      "codename": "delete_clockedschedule"
    }
  },
  {
    "model": "auth.permission",
    "pk": 80,
    "fields": {
      "name": "Can view clocked",
      "content_type": 20,
      "codename": "view_clockedschedule"
    }
  },
  {
    "model": "contenttypes.contenttype",
    "pk": 1,
    "fields": {
      "app_label": "admin",
      "model": "logentry"
    }
  },
  {
    "model": "contenttypes.contenttype",
    "pk": 2,
    "fields": {
      "app_label": "auth",
      "model": "permission"
    }
  },
  {
    "model": "contenttypes.contenttype",
    "pk": 3,
    "fields": {
      "app_label": "auth",
      "model": "group"
    }
  },
  {
    "model": "contenttypes.contenttype",
    "pk": 4,
    "fields": {
      "app_label": "contenttypes",
      "model": "contenttype"
    }
  },
  {
    "model": "contenttypes.contenttype",
    "pk": 5,
    "fields": {
      "app_label": "sessions",
      "model": "session"
    }
  },
  {
    "model": "contenttypes.contenttype",
    "pk": 6,
    "fields": {
      "app_label": "Account",
      "model": "user"
    }
  },
  {
    "model": "contenttypes.contenttype",
    "pk": 7,
    "fields": {
      "app_label": "Patient",
      "model": "patient"
    }
  },
  {
    "model": "contenttypes.contenttype",
    "pk": 8,
    "fields": {
      "app_label": "Patient",
      "model": "medicalrecord"
    }
  },
  {
    "model": "contenttypes.contenttype",
    "pk": 9,
    "fields": {
      "app_label": "Doctor",
      "model": "designation"
    }
  },
  {
    "model": "contenttypes.contenttype",
    "pk": 10,
    "fields": {
      "app_label": "Doctor",
      "model": "specialization"
    }
  },
  {
    "model": "contenttypes.contenttype",
    "pk": 11,
    "fields": {
      "app_label": "Doctor",
      "model": "doctor"
    }
  },
  {
    "model": "contenttypes.contenttype",
    "pk": 12,
    "fields": {
      "app_label": "Doctor",
      "model": "availabletime"
    }
  },
  {
    "model": "contenttypes.contenttype",
    "pk": 13,
    "fields": {
      "app_label": "Doctor",
      "model": "review"
    }
  },
  {
    "model": "contenttypes.contenttype",
    "pk": 14,
    "fields": {
      "app_label": "Appointment",
      "model": "appointment"
    }
  },
  {
    "model": "contenttypes.contenttype",
    "pk": 15,
    "fields": {
      "app_label": "django_celery_beat",
      "model": "crontabschedule"
    }
  },
  {
    "model": "contenttypes.contenttype",
    "pk": 16,
    "fields": {
      "app_label": "django_celery_beat",
      "model": "intervalschedule"
    }
  },
  {
    "model": "contenttypes.contenttype",
    "pk": 17,
    "fields": {
      "app_label": "django_celery_beat",
      "model": "periodictask"
    }
  },
  {
    "model": "contenttypes.contenttype",
    "pk": 18,
    "fields": {
      "app_label": "django_celery_beat",
      "model": "periodictasks"
    }
  },
  {
    "model": "contenttypes.contenttype",
    "pk": 19,
    "fields": {
      "app_label": "django_celery_beat",
      "model": "solarschedule"
    }
  },
  {
    "model": "contenttypes.contenttype",
    "pk": 20,
    "fields": {
      "app_label": "django_celery_beat",
      "model": "clockedschedule"
    }
  },
  {
    "model": "sessions.session",
    "pk": "x89ky717bmmxwp1ifrdbjwc2zachkd14",
    "fields": {
      "session_data": ".eJxVjEEOwiAQRe_C2pAOdCi4dO8ZCAyDVA0kpV0Z765NutDtf-_9l_BhW4vfOi9-TuIslDj9bjHQg-sO0j3UW5PU6rrMUe6KPGiX15b4eTncv4MSevnWZJEtZ7QJIbLDDBhNZAwma2fITAwI6ACiDpoUDYacwsyjnYZRGRbvD_BRN7Y:1tjEsY:HcyyVCIzyXczOKukmIzKG7vxWIMS-4hepDhPw1_jmDA",
      "expire_date": "2025-03-01T09:54:30.037Z"
    }
  },
  {
    "model": "Account.user",
    "pk": 2,
    "fields": {
      "password": "pbkdf2_sha256$870000$FyLuPY4PeB3H8f6XGGs7U6$eJd1Sv5+aCl5YOcKqWg58Gs5dIvsLRGw/DmaSYRkIGw=",
      "last_login": "2025-02-15T09:54:30.026Z",
      "email": "admin@gmail.com",
      "name": "admin",
      "tc": true,
      "role": "Admin",
      "license_number": null,
      "status": "Active",
      "is_active": true,
      "is_admin": true,
      "timezone": "UTC"
    }
  },
  {
    "model": "Account.user",
    "pk": 3,
    "fields": {
      "password": "pbkdf2_sha256$870000$ygF0PINmvtmiyd6Ss3vRan$/b5jwj0ocwd5lgLcl8Z3rLGaM72HozvquRmEAGmawWY=",
      "last_login": null,
      "email": "khadizarahman813@gmail.com",
      "name": "Dr. Khadija",
      "tc": true,
      "role": "Doctor",
      "license_number": "ABC1234",
      "status": "Active",
      "is_active": true,
      "is_admin": false,
      "timezone": "Asia/Dhaka"
    }
  },
  {
    "model": "Account.user",
    "pk": 4,
    "fields": {
      "password": "pbkdf2_sha256$870000$nMavSVB6dbHdqLCl3HoPFD$lGgUvCQw6WUIn8sOgg0CPyjC60RNSOyxU1NJWG+5Px0=",
      "last_login": null,
      "email": "patientfatema@yopmail.com",
      "name": "Dr. Fatema",
      "tc": true,
      "role": "Doctor",
      "license_number": "ABC1256",
      "status": "Active",
      "is_active": true,
      "is_admin": false,
      "timezone": "Asia/Dhaka"
    }
  },
  {
    "model": "Account.user",
    "pk": 5,
    "fields": {
      "password": "pbkdf2_sha256$870000$UoGKVm1vqz65NZN39Ikc5x$QNPELwJapKCdL09iZmfSAIvbSVK0seplzPsIhpQy+6g=",
      "last_login": null,
      "email": "patientrajesh@yopmail.com",
      "name": "Rajesh Mondol",
      "tc": true,
      "role": "Patient",
      "license_number": null,
      "status": "Active",
      "is_active": true,
      "is_admin": false,
      "timezone": "Asia/Dhaka"
    }
  },
  {
    "model": "Account.user",
    "pk": 6,
    "fields": {
      "password": "pbkdf2_sha256$870000$BfG0Ub1jsrCyptdgCGh3Nb$PwVyjqXIrv4S3fVw/YFkE5bBJHXqa0FlvbveD3r3UKs=",
      "last_login": null,
      "email": "farzana.karim@yopmail.com",
      "name": "Dr. Farzana Shamim",
      "tc": true,
      "role": "Doctor",
      "license_number": "B-987654",
      "status": "Active",
      "is_active": true,
      "is_admin": false,
      "timezone": "Asia/Dhaka"
    }
  },
  {
    "model": "Account.user",
    "pk": 21,
    "fields": {
      "password": "pbkdf2_sha256$870000$AyJ0S5AZRD2vXvH6yp9FCY$Kc5x/6/FE9fyvxUS/iu/p24XLsWeKDwx8S0RsmJtBts=",
      "last_login": null,
      "email": "merinamou3@gmail.com",
      "name": "Dr. shahida Akter",
      "tc": true,
      "role": "Doctor",
      "license_number": "D12355",
      "status": "Active",
      "is_active": true,
      "is_admin": false,
      "timezone": "Asia/Dhaka"
    }
  },
  {
    "model": "Account.user",
    "pk": 25,
    "fields": {
      "password": "pbkdf2_sha256$870000$a5dC54cFzWOGZyySiiwCyv$z1rZaPYTJXym8vdexIfS8YSyNE/fmS1PxmLHJLgPius=",
      "last_login": null,
      "email": "patientakash@yopmail.com",
      "name": "Mou",
      "tc": true,
      "role": "Patient",
      "license_number": null,
      "status": "Active",
      "is_active": true,
      "is_admin": false,
      "timezone": "Asia/Dhaka"
    }
  },
  {
    "model": "Account.user",
    "pk": 27,
    "fields": {
      "password": "pbkdf2_sha256$870000$sIfnChyHzXzFLz6jsZG4I7$/UuIfo9/hpCoZLH3Dvab9b7WCTmpNL8DowgAhMR/Bwc=",
      "last_login": null,
      "email": "patientnodi@yopmail.com",
      "name": "Mou",
      "tc": true,
      "role": "Patient",
      "license_number": null,
      "status": "Active",
      "is_active": true,
      "is_admin": false,
      "timezone": "America/New_York"
    }
  },
  {
    "model": "Account.user",
    "pk": 28,
    "fields": {
      "password": "pbkdf2_sha256$870000$qOpmoGHRlcwuxGTiU63SSv$faEn5M2REss/lTmlUZWkxkIM8Y2nxQf+a2t5qFBsw9A=",
      "last_login": null,
      "email": "doctorauny@yopmail.com",
      "name": "Dr. Adam Smith",
      "tc": true,
      "role": "Doctor",
      "license_number": "DA1290",
      "status": "Active",
      "is_active": true,
      "is_admin": false,
      "timezone": "America/New_York"
    }
  },
  {
    "model": "Account.user",
    "pk": 29,
    "fields": {
      "password": "pbkdf2_sha256$870000$TZgVJtSwcNtq1TUg1qWIuB$0onKyxW8XO5NO3IG3FUxBJnLSLukg/bKc373yx4ncQw=",
      "last_login": null,
      "email": "sophiawilliams@yopmail.com",
      "name": "Dr. Sophia Williams",
      "tc": true,
      "role": "Doctor",
      "license_number": "D67893",
      "status": "Active",
      "is_active": true,
      "is_admin": false,
      "timezone": "America/New_York"
    }
  },
  {
    "model": "Account.user",
    "pk": 30,
    "fields": {
      "password": "pbkdf2_sha256$870000$Ut8wvecfjpuP9OPZXhIZUU$tA+auSeDgOE4QhpKPC90oIMoRNJsaAHK2mDmg3M73NU=",
      "last_login": null,
      "email": "drnoahjohnson@yopmail.com",
      "name": "Dr. Noah Johnson",
      "tc": true,
      "role": "Doctor",
      "license_number": "AC2345",
      "status": "Active",
      "is_active": true,
      "is_admin": false,
      "timezone": "Asia/Dhaka"
    }
  },
  {
    "model": "Account.user",
    "pk": 31,
    "fields": {
      "password": "pbkdf2_sha256$870000$PqQwoc6L1LwXcz9KHHWvOu$bJ/d4h5M0R0aDnq6JktEHC8YSlOVchHXd89LEP/9ues=",
      "last_login": null,
      "email": "johnsonjkp@yopmail.com",
      "name": "hlnk",
      "tc": true,
      "role": "Patient",
      "license_number": null,
      "status": "Active",
      "is_active": true,
      "is_admin": false,
      "timezone": "Asia/Dhaka"
    }
  },
  {
    "model": "Patient.patient",
    "pk": 1,
    "fields": {
      "user": 5,
      "date_of_birth": "1995-06-15",
      "gender": "Male",
      "phone_number": "+8801704562950",
      "address": "123 Street, City, Country",
      "emergency_contact_name": "John Doe",
      "emergency_contact_number": "9876543210",
      "medical_history": "No known conditions",
      "allergies": "None",
      "blood_group": "O-",
      "image": "patient_profiles/treatment_resized.jpg",
      "created_at": "2025-02-02T09:05:32.570Z",
      "updated_at": "2025-02-14T18:18:51.942Z"
    }
  },
  {
    "model": "Patient.patient",
    "pk": 2,
    "fields": {
      "user": 25,
      "date_of_birth": "1995-06-09",
      "gender": "Female",
      "phone_number": "1234567890",
      "address": "123 Street, City, Country",
      "emergency_contact_name": "John Doe",
      "emergency_contact_number": "98765432100",
      "medical_history": "Allergies",
      "allergies": "medicine",
      "blood_group": "A-",
      "image": "patient_profiles/doctors_resized.jpg",
      "created_at": "2025-02-14T10:19:12.665Z",
      "updated_at": "2025-02-15T14:35:08.281Z"
    }
  },
  {
    "model": "Patient.medicalrecord",
    "pk": 10,
    "fields": {
      "patient": 1,
      "doctor": 3,
      "visit_date": "2025-02-04T12:00:00.111Z",
      "diagnosis": "Severe Flu",
      "prescriptions": "Paracetamol 500mg, Cough Syrup updated",
      "test_results": "Negative",
      "additional_notes": "Rest and hydration recommended"
    }
  },
  {
    "model": "Doctor.specialization",
    "pk": 1,
    "fields": {
      "name": "Cardiologist",
      "slug": "cardiologist",
      "icon": "faHeartbeat"
    }
  },
  {
    "model": "Doctor.specialization",
    "pk": 2,
    "fields": {
      "name": "Neurosurgery",
      "slug": "neurosurgery",
      "icon": "faBrain"
    }
  },
  {
    "model": "Doctor.specialization",
    "pk": 3,
    "fields": {
      "name": "Orthopedics",
      "slug": "orthopedics",
      "icon": "faBone"
    }
  },
  {
    "model": "Doctor.specialization",
    "pk": 4,
    "fields": {
      "name": "Dermatology",
      "slug": "dermatology",
      "icon": "faSpa"
    }
  },
  {
    "model": "Doctor.specialization",
    "pk": 5,
    "fields": {
      "name": "Pediatrics",
      "slug": "pediatrics",
      "icon": "faChild"
    }
  },
  {
    "model": "Doctor.specialization",
    "pk": 6,
    "fields": {
      "name": "Ophthalmology",
      "slug": "ophthalmology",
      "icon": "faEye"
    }
  },
  {
    "model": "Doctor.specialization",
    "pk": 7,
    "fields": {
      "name": "Otorhinolaryngology (ENT)",
      "slug": "otorhinolaryngology-ent",
      "icon": "faHeadSideCough"
    }
  },
  {
    "model": "Doctor.specialization",
    "pk": 8,
    "fields": {
      "name": "Gynecology & Obstetrics",
      "slug": "gynecology-obstetrics",
      "icon": "faBaby"
    }
  },
  {
    "model": "Doctor.specialization",
    "pk": 9,
    "fields": {
      "name": "Radiology",
      "slug": "radiology",
      "icon": "faXRay"
    }
  },
  {
    "model": "Doctor.specialization",
    "pk": 10,
    "fields": {
      "name": "Oncology",
      "slug": "oncology",
      "icon": "faRibbon"
    }
  },
  {
    "model": "Doctor.specialization",
    "pk": 11,
    "fields": {
      "name": "Endocrinology",
      "slug": "endocrinology",
      "icon": "faDna"
    }
  },
  {
    "model": "Doctor.specialization",
    "pk": 12,
    "fields": {
      "name": "Gastroenterology",
      "slug": "gastroenterology",
      "icon": "faStomach"
    }
  },
  {
    "model": "Doctor.specialization",
    "pk": 13,
    "fields": {
      "name": "Nephrology",
      "slug": "nephrology",
      "icon": "faTint"
    }
  },
  {
    "model": "Doctor.specialization",
    "pk": 14,
    "fields": {
      "name": "Pulmonology",
      "slug": "pulmonology",
      "icon": "faLungs"
    }
  },
  {
    "model": "Doctor.specialization",
    "pk": 15,
    "fields": {
      "name": "Anesthesiology",
      "slug": "anesthesiology",
      "icon": "faSyringe"
    }
  },
  {
    "model": "Doctor.specialization",
    "pk": 16,
    "fields": {
      "name": "Psychiatry",
      "slug": "psychiatry",
      "icon": "faUserNurse"
    }
  },
  {
    "model": "Doctor.specialization",
    "pk": 17,
    "fields": {
      "name": "Rheumatology",
      "slug": "rheumatology",
      "icon": "faHandHoldingMedical"
    }
  },
  {
    "model": "Doctor.specialization",
    "pk": 18,
    "fields": {
      "name": "Urology",
      "slug": "urology",
      "icon": "faToilet"
    }
  },
  {
    "model": "Doctor.specialization",
    "pk": 19,
    "fields": {
      "name": "Pathology",
      "slug": "pathology",
      "icon": "faMicroscope"
    }
  },
  {
    "model": "Doctor.specialization",
    "pk": 20,
    "fields": {
      "name": "General Surgery",
      "slug": "general-surgery",
      "icon": "faScalpel"
    }
  },
  {
    "model": "Doctor.specialization",
    "pk": 21,
    "fields": {
      "name": "Plastic Surgery",
      "slug": "plastic-surgery",
      "icon": "faSmile"
    }
  },
  {
    "model": "Doctor.specialization",
    "pk": 22,
    "fields": {
      "name": "Emergency Medicine",
      "slug": "emergency-medicine",
      "icon": "faAmbulance"
    }
  },
  {
    "model": "Doctor.specialization",
    "pk": 23,
    "fields": {
      "name": "Infectious Disease",
      "slug": "infectious-disease",
      "icon": "faVirus"
    }
  },
  {
    "model": "Doctor.specialization",
    "pk": 24,
    "fields": {
      "name": "Hematology",
      "slug": "hematology",
      "icon": "faVial"
    }
  },
  {
    "model": "Doctor.specialization",
    "pk": 25,
    "fields": {
      "name": "Physical Medicine & Rehabilita",
      "slug": "physical-medicine-rehabilita",
      "icon": "faRunning"
    }
  },
  {
    "model": "Doctor.designation",
    "pk": 1,
    "fields": {
      "name": "Senior Surgeon",
      "slug": "senior-surgeon",
      "icon": "faUserTie"
    }
  },
  {
    "model": "Doctor.designation",
    "pk": 2,
    "fields": {
      "name": "Senior Consultant",
      "slug": "senior-consultant",
      "icon": "faUserTie"
    }
  },
  {
    "model": "Doctor.designation",
    "pk": 3,
    "fields": {
      "name": "Junior Consultant",
      "slug": "junior-consultant",
      "icon": "faUserMd"
    }
  },
  {
    "model": "Doctor.designation",
    "pk": 4,
    "fields": {
      "name": "Medical Officer",
      "slug": "medical-officer",
      "icon": "faBriefcaseMedical"
    }
  },
  {
    "model": "Doctor.designation",
    "pk": 5,
    "fields": {
      "name": "Chief Surgeon",
      "slug": "chief-surgeon",
      "icon": "FaUserMd"
    }
  },
  {
    "model": "Doctor.designation",
    "pk": 6,
    "fields": {
      "name": "Resident Doctor",
      "slug": "resident-doctor",
      "icon": "FaUserNurse"
    }
  },
  {
    "model": "Doctor.designation",
    "pk": 7,
    "fields": {
      "name": "Intern Doctor",
      "slug": "intern-doctor",
      "icon": "faUserGraduate"
    }
  },
  {
    "model": "Doctor.designation",
    "pk": 8,
    "fields": {
      "name": "Head of Department (HOD)",
      "slug": "head-of-department-hod",
      "icon": "faUserShield"
    }
  },
  {
    "model": "Doctor.designation",
    "pk": 9,
    "fields": {
      "name": "Clinical Researcher",
      "slug": "clinical-researcher",
      "icon": "faMicroscope"
    }
  },
  {
    "model": "Doctor.designation",
    "pk": 10,
    "fields": {
      "name": "Physician Assistant",
      "slug": "physician-assistant",
      "icon": "faHandsHelping"
    }
  },
  {
    "model": "Doctor.designation",
    "pk": 11,
    "fields": {
      "name": "General Practitioner (GP)",
      "slug": "general-practitioner-gp",
      "icon": "faUserMd"
    }
  },
  {
    "model": "Doctor.designation",
    "pk": 12,
    "fields": {
      "name": "Anesthesiologist",
      "slug": "anesthesiologist",
      "icon": "faSyringe"
    }
  },
  {
    "model": "Doctor.designation",
    "pk": 13,
    "fields": {
      "name": "Emergency Medicine Specialist",
      "slug": "emergency-medicine-specialist",
      "icon": "faAmbulance"
    }
  },
  {
    "model": "Doctor.designation",
    "pk": 14,
    "fields": {
      "name": "Pediatric Surgeon",
      "slug": "pediatric-surgeon",
      "icon": "faBaby"
    }
  },
  {
    "model": "Doctor.designation",
    "pk": 15,
    "fields": {
      "name": "Plastic and Reconstructive Sur",
      "slug": "plastic-and-reconstructive-sur",
      "icon": "faSmile"
    }
  },
  {
    "model": "Doctor.designation",
    "pk": 16,
    "fields": {
      "name": "Neurosurgeon",
      "slug": "neurosurgeon",
      "icon": "faBrain"
    }
  },
  {
    "model": "Doctor.designation",
    "pk": 17,
    "fields": {
      "name": "Dermatopathologist",
      "slug": "dermatopathologist",
      "icon": "faSpa"
    }
  },
  {
    "model": "Doctor.designation",
    "pk": 18,
    "fields": {
      "name": "Forensic Pathologist",
      "slug": "forensic-pathologist",
      "icon": "faSkullCrossbones"
    }
  },
  {
    "model": "Doctor.designation",
    "pk": 19,
    "fields": {
      "name": "Gynecologic Oncologist",
      "slug": "gynecologic-oncologist",
      "icon": "faRibbon"
    }
  },
  {
    "model": "Doctor.designation",
    "pk": 20,
    "fields": {
      "name": "Intensivist (ICU Specialist)",
      "slug": "intensivist-icu-specialist",
      "icon": "faProcedures"
    }
  },
  {
    "model": "Doctor.designation",
    "pk": 21,
    "fields": {
      "name": "Medical Director",
      "slug": "medical-director",
      "icon": "faUserTie"
    }
  },
  {
    "model": "Doctor.designation",
    "pk": 22,
    "fields": {
      "name": "Senior Registrar",
      "slug": "senior-registrar",
      "icon": "faUserCheck"
    }
  },
  {
    "model": "Doctor.designation",
    "pk": 23,
    "fields": {
      "name": "Medical Superintendent",
      "slug": "medical-superintendent",
      "icon": "faUserCog"
    }
  },
  {
    "model": "Doctor.designation",
    "pk": 24,
    "fields": {
      "name": "Clinical Pharmacist",
      "slug": "clinical-pharmacist",
      "icon": "faPills"
    }
  },
  {
    "model": "Doctor.designation",
    "pk": 25,
    "fields": {
      "name": "Telemedicine Specialist",
      "slug": "telemedicine-specialist",
      "icon": "faLaptopMedical"
    }
  },
  {
    "model": "Doctor.designation",
    "pk": 26,
    "fields": {
      "name": "Trauma Surgeon",
      "slug": "trauma-surgeon",
      "icon": "faBandAid"
    }
  },
  {
    "model": "Doctor.availabletime",
    "pk": 18,
    "fields": {
      "doctor": 7,
      "date": "2025-02-15",
      "start_time": "10:50:00",
      "end_time": "11:30:00",
      "is_booked": true
    }
  },
  {
    "model": "Doctor.availabletime",
    "pk": 19,
    "fields": {
      "doctor": 7,
      "date": "2025-02-15",
      "start_time": "11:50:00",
      "end_time": "12:30:00",
      "is_booked": false
    }
  },
  {
    "model": "Doctor.doctor",
    "pk": 1,
    "fields": {
      "user": 4,
      "image": "doctor/images/Doctor1.jpg",
      "fee": "700.00",
      "clinic_address": "Popular Diagnostic Center, Chittagong, Bangladesh",
      "meet_link": "https://meet.example.com/farzana",
      "contact_number": "+8801701832330",
      "experience_years": 12,
      "qualifications": "MBBS, MD (Gynecology)",
      "languages_spoken": "Bengali, English",
      "average_rating": "0.00",
      "total_reviews": 0,
      "bio": "Experienced gynecologist specializing in women's health and maternity care.",
      "is_available": true,
      "country": null,
      "designation": [3],
      "specialization": [5, 7]
    }
  },
  {
    "model": "Doctor.doctor",
    "pk": 3,
    "fields": {
      "user": 6,
      "image": "doctor/images/Doctor2.jpg",
      "fee": "700.00",
      "clinic_address": "Popular Diagnostic Center, Chittagong, Bangladesh",
      "meet_link": "https://meet.google.com/ias-bdey-huh",
      "contact_number": "+8801912345678",
      "experience_years": 10,
      "qualifications": "MBBS, MS (Dermatology)",
      "languages_spoken": "Bengali, English",
      "average_rating": "5.00",
      "total_reviews": 1,
      "bio": "Renowned dermatologist specializing in skin and hair care treatments.",
      "is_available": true,
      "country": null,
      "designation": [1, 3],
      "specialization": [5, 7]
    }
  },
  {
    "model": "Doctor.doctor",
    "pk": 4,
    "fields": {
      "user": 28,
      "image": "",
      "fee": "150.00",
      "clinic_address": "",
      "meet_link": null,
      "contact_number": null,
      "experience_years": 0,
      "qualifications": null,
      "languages_spoken": null,
      "average_rating": "0.00",
      "total_reviews": 0,
      "bio": "",
      "is_available": true,
      "country": null,
      "designation": [2],
      "specialization": [1, 22]
    }
  },
  {
    "model": "Doctor.doctor",
    "pk": 5,
    "fields": {
      "user": 29,
      "image": "",
      "fee": "120.00",
      "clinic_address": "",
      "meet_link": null,
      "contact_number": null,
      "experience_years": 0,
      "qualifications": null,
      "languages_spoken": null,
      "average_rating": "0.00",
      "total_reviews": 0,
      "bio": "",
      "is_available": true,
      "country": null,
      "designation": [4],
      "specialization": [5]
    }
  },
  {
    "model": "Doctor.doctor",
    "pk": 6,
    "fields": {
      "user": 30,
      "image": "doctor/images/Doctor1_z6ubEMA.jpg",
      "fee": "700.00",
      "clinic_address": "Popular Diagnostic Center, Chittagong, Bangladesh",
      "meet_link": "https://meet.example.com/farzana",
      "contact_number": "+8801912345678",
      "experience_years": 5,
      "qualifications": "MBBS, MS (Dermatology)",
      "languages_spoken": "Bengali, English",
      "average_rating": "0.00",
      "total_reviews": 0,
      "bio": "Renowned dermatologist specializing in skin and hair care treatments.",
      "is_available": true,
      "country": null,
      "designation": [1, 3],
      "specialization": [5, 7]
    }
  },
  {
    "model": "Doctor.doctor",
    "pk": 7,
    "fields": {
      "user": 21,
      "image": "doctor/images/Doctor2_MYyjkRm.jpg",
      "fee": "700.00",
      "clinic_address": "Khulna,bangladesh",
      "meet_link": "",
      "contact_number": "01609620222",
      "experience_years": 10,
      "qualifications": "mastersss",
      "languages_spoken": "English",
      "average_rating": "0.00",
      "total_reviews": 0,
      "bio": "i am a good professional doctorsv",
      "is_available": true,
      "country": null,
      "designation": [1, 2, 5],
      "specialization": [1, 4, 10, 13]
    }
  },
  {
    "model": "Doctor.review",
    "pk": 1,
    "fields": {
      "reviewer": 1,
      "doctor": 3,
      "body": "Very professional and helpful!",
      "created": "2025-02-04T09:11:09.113Z",
      "rating": ""
    }
  },
  {
    "model": "Appointment.appointment",
    "pk": 25,
    "fields": {
      "patient": 2,
      "doctor": 7,
      "available_time": 18,
      "symptoms": "Fever and cough",
      "appointment_type": "Offline",
      "status": "Confirmed",
      "created_at": "2025-02-15T09:55:51.279Z",
      "updated_at": "2025-02-15T09:55:51.279Z"
    }
  }
]
